15,188,0,0,1,0,0,0,58,2,0,0,173,149,70,62,171,248,50,62,144,217,23,65,29,136,33,60,187,210,72,60,73,40,139,189,0,0,184,65,1,0,0,0,3,0,0,0,4,0,0,0,9,0,0,0,15,0,0,0,17,0,0,0,39,0,0,0,12,0,0,0,84,0,0,0,6,0,0,0,0,0,0,0,0,0,0,0,0,0,0,0,0,0,0,0,0,0,0,0,1,0,0,0,1,0,0,0,1,0,0,0,3,0,0,0,1,0,0,0,0,0,0,0,2,0,0,0,3,0,0,0,3,0,0,0,6,0,0,0,7,0,0,0,7,0,0,0,5,0,0,0,16,0,0,0,2,0,0,0,0,0,0,0,2,0,0,0,2,0,0,0,3,0,0,0,6,0,0,0,10,0,0,0,11,0,0,0,7,0,0,0,16,0,0,0,1,0,0,0,0,0,0,0,2,0,0,0,2,0,0,0,3,0,0,0,3,0,0,0,5,0,0,0,7,0,0,0,6,0,0,0,12,0,0,0,1,0,0,0,3,0,0,0,4,0,0,0,9,0,0,0,7,0,0,0,14,0,0,0,27,0,0,0,20,0,0,0,12,0,0,0,32,0,0,0,3,0,0,0,145,55,185,65,248,203,191,65,213,37,189,65,202,249,193,65,9,31,193,65,73,243,192,65,91,175,94,66,157,13,77,66,146,64,90,66,14,86,90,66,159,252,86,66,203,7,91,66,25,0,0,0
32,227,0,0,2,0,0,0,60,2,0,0,173,149,70,62,171,248,50,62,144,217,23,65,29,136,33,60,187,210,72,60,73,40,139,189,0,0,184,65,1,0,0,0,3,0,0,0,5,0,0,0,8,0,0,0,15,0,0,0,17,0,0,0,39,0,0,0,13,0,0,0,85,0,0,0,6,0,0,0,6,0,0,0,15,0,0,0,15,0,0,0,37,0,0,0,50,0,0,0,73,0,0,0,79,0,0,0,40,0,0,0,145,0,0,0,7,0,0,0,1,0,0,0,3,0,0,0,4,0,0,0,5,0,0,0,8,0,0,0,11,0,0,0,10,0,0,0,8,0,0,0,19,0,0,0,3,0,0,0,1,0,0,0,5,0,0,0,5,0,0,0,6,0,0,0,10,0,0,0,17,0,0,0,20,0,0,0,14,0,0,0,42,0,0,0,4,0,0,0,3,0,0,0,8,0,0,0,11,0,0,0,14,0,0,0,26,0,0,0,35,0,0,0,43,0,0,0,30,0,0,0,95,0,0,0,8,0,0,0,3,0,0,0,4,0,0,0,9,0,0,0,8,0,0,0,15,0,0,0,29,0,0,0,24,0,0,0,14,0,0,0,37,0,0,0,3,0,0,0,161,44,185,65,88,138,191,65,77,43,189,65,161,14,193,65,224,51,192,65,128,117,192,65,63,67,99,66,243,243,78,66,133,138,92,66,235,20,95,66,120,211,87,66,133,138,92,66,25,0,0,0
49,10,1,0,3,0,0,0,59,2,0,0,173,149,70,62,171,248,50,62,144,217,23,65,29,136,33,60,187,210,72,60,73,40,139,189,0,0,184,65,1,0,0,0,3,0,0,0,4,0,0,0,9,0,0,0,15,0,0,0,17,0,0,0,39,0,0,0,13,0,0,0,85,0,0,0,6,0,0,0,6,0,0,0,15,0,0,0,15,0,0,0,37,0,0,0,50,0,0,0,73,0,0,0,79,0,0,0,40,0,0,0,145,0,0,0,7,0,0,0,1,0,0,0,2,0,0,0,4,0,0,0,5,0,0,0,8,0,0,0,10,0,0,0,10,0,0,0,8,0,0,0,19,0,0,0,3,0,0,0,2,0,0,0,5,0,0,0,6,0,0,0,8,0,0,0,14,0,0,0,23,0,0,0,26,0,0,0,17,0,0,0,51,0,0,0,4,0,0,0,3,0,0,0,8,0,0,0,11,0,0,0,14,0,0,0,27,0,0,0,35,0,0,0,44,0,0,0,30,0,0,0,95,0,0,0,8,0,0,0,3,0,0,0,4,0,0,0,10,0,0,0,8,0,0,0,14,0,0,0,29,0,0,0,24,0,0,0,14,0,0,0,38,0,0,0,3,0,0,0,209,11,185,65,127,23,191,65,101,195,188,65,105,221,192,65,200,236,191,65,24,182,191,65,84,81,96,66,1,39,77,66,156,140,91,66,160,115,88,66,72,28,84,66,242,113,86,66,25,0,0,0
66,49,1,0,4,0,0,0,59,2,0,0,173,149,70,62,171,248,50,62,144,217,23,65,29,136,33,60,187,210,72,60,73,40,139,189,0,0,184,65,1,0,0,0,3,0,0,0,4,0,0,0,8,0,0,0,15,0,0,0,17,0,0,0,39,0,0,0,13,0,0,0,85,0,0,0,6,0,0,0,6,0,0,0,15,0,0,0,15,0,0,0,37,0,0,0,50,0,0,0,73,0,0,0,79,0,0,0,40,0,0,0,145,0,0,0,7,0,0,0,1,0,0,0,2,0,0,0,4,0,0,0,5,0,0,0,8,0,0,0,10,0,0,0,10,0,0,0,8,0,0,0,19,0,0,0,3,0,0,0,2,0,0,0,4,0,0,0,6,0,0,0,8,0,0,0,14,0,0,0,23,0,0,0,26,0,0,0,17,0,0,0,51,0,0,0,4,0,0,0,3,0,0,0,8,0,0,0,11,0,0,0,14,0,0,0,26,0,0,0,35,0,0,0,44,0,0,0,30,0,0,0,95,0,0,0,8,0,0,0,3,0,0,0,4,0,0,0,10,0,0,0,8,0,0,0,16,0,0,0,30,0,0,0,26,0,0,0,14,0,0,0,41,0,0,0,3,0,0,0,241,245,184,65,151,175,190,65,188,47,188,65,0,30,192,65,119,116,191,65,63,67,191,65,174,36,94,66,12,43,76,66,242,179,89,66,178,82,86,66,185,176,84,66,82,229,85,66,25,0,0,0
83,88,1,0,5,0,0,0,60,2,0,0,173,149,70,62,171,248,50,62,144,217,23,65,29,136,33,60,187,210,72,60,73,40,139,189,0,0,184,65,1,0,0,0,3,0,0,0,4,0,0,0,8,0,0,0,15,0,0,0,17,0,0,0,39,0,0,0,13,0,0,0,85,0,0,0,6,0,0,0,6,0,0,0,15,0,0,0,15,0,0,0,37,0,0,0,50,0,0,0,73,0,0,0,80,0,0,0,40,0,0,0,145,0,0,0,7,0,0,0,1,0,0,0,3,0,0,0,4,0,0,0,5,0,0,0,8,0,0,0,10,0,0,0,10,0,0,0,8,0,0,0,19,0,0,0,3,0,0,0,2,0,0,0,4,0,0,0,6,0,0,0,8,0,0,0,11,0,0,0,17,0,0,0,19,0,0,0,14,0,0,0,43,0,0,0,4,0,0,0,3,0,0,0,8,0,0,0,11,0,0,0,14,0,0,0,27,0,0,0,36,0,0,0,44,0,0,0,30,0,0,0,96,0,0,0,8,0,0,0,3,0,0,0,4,0,0,0,10,0,0,0,8,0,0,0,15,0,0,0,30,0,0,0,24,0,0,0,14,0,0,0,39,0,0,0,3,0,0,0,1,235,184,65,38,77,190,65,212,199,187,65,32,8,192,65,88,138,191,65,103,208,190,65,30,60,94,66,41,205,76,66,111,195,90,66,121,140,92,66,44,242,91,66,172,113,88,66,25,0,0,0
100,127,1,0,6,0,0,0,59,2,0,0,173,149,70,62,171,248,50,62,144,217,23,65,29,136,33,60,187,210,72,60,73,40,139,189,0,128,184,65,1,0,0,0,3,0,0,0,4,0,0,0,9,0,0,0,15,0,0,0,17,0,0,0,39,0,0,0,13,0,0,0,84,0,0,0,6,0,0,0,6,0,0,0,15,0,0,0,15,0,0,0,37,0,0,0,50,0,0,0,73,0,0,0,80,0,0,0,41,0,0,0,145,0,0,0,7,0,0,0,1,0,0,0,3,0,0,0,4,0,0,0,5,0,0,0,8,0,0,0,10,0,0,0,10,0,0,0,8,0,0,0,19,0,0,0,3,0,0,0,1,0,0,0,4,0,0,0,5,0,0,0,7,0,0,0,12,0,0,0,17,0,0,0,20,0,0,0,14,0,0,0,44,0,0,0,4,0,0,0,3,0,0,0,8,0,0,0,11,0,0,0,14,0,0,0,27,0,0,0,35,0,0,0,44,0,0,0,30,0,0,0,96,0,0,0,8,0,0,0,3,0,0,0,4,0,0,0,8,0,0,0,8,0,0,0,15,0,0,0,29,0,0,0,22,0,0,0,13,0,0,0,37,0,0,0,3,0,0,0,40,120,184,65,70,55,190,65,235,95,187,65,48,253,191,65,135,105,191,65,118,22,190,65,114,46,94,66,112,3,80,66,36,29,92,66,19,247,98,66,137,108,97,66,14,86,90,66,25,0,0,0
117,166,1,0,7,0,0,0,60,2,0,0,173,149,70,62,171,248,50,62,144,217,23,65,29,136,33,60,187,210,72,60,73,40,139,189,0,128,184,65,1,0,0,0,3,0,0,0,4,0,0,0,8,0,0,0,15,0,0,0,16,0,0,0,38,0,0,0,12,0,0,0,83,0,0,0,6,0,0,0,6,0,0,0,15,0,0,0,14,0,0,0,36,0,0,0,50,0,0,0,72,0,0,0,78,0,0,0,39,0,0,0,143,0,0,0,7,0,0,0,1,0,0,0,3,0,0,0,4,0,0,0,5,0,0,0,7,0,0,0,11,0,0,0,10,0,0,0,7,0,0,0,19,0,0,0,3,0,0,0,1,0,0,0,3,0,0,0,3,0,0,0,4,0,0,0,6,0,0,0,9,0,0,0,10,0,0,0,7,0,0,0,25,0,0,0,2,0,0,0,2,0,0,0,7,0,0,0,9,0,0,0,12,0,0,0,23,0,0,0,28,0,0,0,35,0,0,0,24,0,0,0,86,0,0,0,6,0,0,0,3,0,0,0,2,0,0,0,7,0,0,0,5,0,0,0,9,0,0,0,22,0,0,0,15,0,0,0,9,0,0,0,22,0,0,0,2,0,0,0,56,109,184,65,230,201,189,65,51,215,186,65,168,2,192,65,215,50,191,65,214,212,189,65,67,179,94,66,178,153,81,66,166,210,93,66,198,228,89,66,196,175,91,66,69,172,88,66,25,0,0,0
134,205,1,0,8,0,0,0,58,2,0,0,173,149,70,62,171,248,50,62,144,217,23,65,29,136,33,60,187,210,72,60,73,40,139,189,0,128,184,65,1,0,0,0,3,0,0,0,4,0,0,0,10,0,0,0,15,0,0,0,17,0,0,0,40,0,0,0,13,0,0,0,86,0,0,0,7,0,0,0,6,0,0,0,15,0,0,0,14,0,0,0,37,0,0,0,49,0,0,0,72,0,0,0,79,0,0,0,39,0,0,0,144,0,0,0,7,0,0,0,1,0,0,0,2,0,0,0,4,0,0,0,5,0,0,0,8,0,0,0,10,0,0,0,10,0,0,0,8,0,0,0,19,0,0,0,3,0,0,0,1,0,0,0,5,0,0,0,6,0,0,0,8,0,0,0,15,0,0,0,22,0,0,0,26,0,0,0,17,0,0,0,50,0,0,0,5,0,0,0,3,0,0,0,8,0,0,0,11,0,0,0,14,0,0,0,27,0,0,0,36,0,0,0,44,0,0,0,30,0,0,0,96,0,0,0,8,0,0,0,4,0,0,0,4,0,0,0,9,0,0,0,8,0,0,0,15,0,0,0,29,0,0,0,26,0,0,0,15,0,0,0,43,0,0,0,4,0,0,0,48,27,184,65,101,114,189,65,51,215,186,65,112,209,191,65,159,1,191,65,149,81,189,65,32,179,95,66,19,121,91,66,35,95,95,66,232,103,88,66,197,33,101,66,174,232,89,66,25,0,0,0
151,244,1,0,9,0,0,0,60,2,0,0,173,149,70,62,171,248,50,62,144,217,23,65,29,136,33,60,187,210,72,60,73,40,139,189,0,128,184,65,1,0,0,0,3,0,0,0,4,0,0,0,10,0,0,0,15,0,0,0,17,0,0,0,39,0,0,0,13,0,0,0,86,0,0,0,6,0,0,0,6,0,0,0,15,0,0,0,14,0,0,0,37,0,0,0,49,0,0,0,73,0,0,0,80,0,0,0,39,0,0,0,144,0,0,0,7,0,0,0,1,0,0,0,3,0,0,0,4,0,0,0,5,0,0,0,8,0,0,0,10,0,0,0,10,0,0,0,8,0,0,0,19,0,0,0,3,0,0,0,2,0,0,0,6,0,0,0,7,0,0,0,9,0,0,0,15,0,0,0,22,0,0,0,24,0,0,0,17,0,0,0,50,0,0,0,5,0,0,0,3,0,0,0,8,0,0,0,12,0,0,0,15,0,0,0,40,0,0,0,51,0,0,0,57,0,0,0,44,0,0,0,144,0,0,0,10,0,0,0,4,0,0,0,4,0,0,0,9,0,0,0,8,0,0,0,16,0,0,0,28,0,0,0,25,0,0,0,15,0,0,0,44,0,0,0,4,0,0,0,56,109,184,65,93,32,189,65,226,94,186,65,8,193,191,65,159,1,191,65,45,65,189,65,143,12,99,66,51,79,83,66,195,241,94,66,37,214,96,66,59,91,95,66,188,218,91,66,25,0,0,0
168,27,2,0,10,0,0,0,60,2,0,0,173,149,70,62,171,248,50,62,144,217,23,65,29,136,33,60,187,210,72,60,73,40,139,189,0,128,184,65,1,0,0,0,3,0,0,0,4,0,0,0,10,0,0,0,15,0,0,0,17,0,0,0,40,0,0,0,14,0,0,0,85,0,0,0,6,0,0,0,6,0,0,0,15,0,0,0,14,0,0,0,37,0,0,0,49,0,0,0,73,0,0,0,80,0,0,0,39,0,0,0,145,0,0,0,7,0,0,0,1,0,0,0,3,0,0,0,5,0,0,0,5,0,0,0,9,0,0,0,12,0,0,0,12,0,0,0,9,0,0,0,22,0,0,0,3,0,0,0,9,0,0,0,19,0,0,0,37,0,0,0,33,0,0,0,50,0,0,0,50,0,0,0,64,0,0,0,60,0,0,0,94,0,0,0,17,0,0,0,3,0,0,0,8,0,0,0,12,0,0,0,15,0,0,0,27,0,0,0,37,0,0,0,45,0,0,0,31,0,0,0,98,0,0,0,8,0,0,0,82,3,0,0,100,15,0,0,145,17,0,0,77,23,0,0,14,27,0,0,6,32,0,0,136,39,0,0,47,19,0,0,143,103,0,0,224,4,0,0,184,21,184,65,125,10,189,65,242,83,186,65,0,30,192,65,135,186,190,65,117,103,189,65,19,56,95,66,248,22,80,66,49,21,93,66,65,131,88,66,100,0,88,66,241,185,88,66,25,0,0,0
185,66,2,0,11,0,0,0,57,2,0,0,173,149,70,62,171,248,50,62,144,217,23,65,29,136,33,60,187,210,72,60,73,40,139,189,0,0,185,65,1,0,0,0,3,0,0,0,5,0,0,0,10,0,0,0,16,0,0,0,18,0,0,0,40,0,0,0,13,0,0,0,86,0,0,0,6,0,0,0,6,0,0,0,15,0,0,0,14,0,0,0,37,0,0,0,49,0,0,0,73,0,0,0,80,0,0,0,40,0,0,0,146,0,0,0,7,0,0,0,1,0,0,0,3,0,0,0,4,0,0,0,5,0,0,0,8,0,0,0,11,0,0,0,10,0,0,0,8,0,0,0,20,0,0,0,3,0,0,0,177,1,0,0,243,11,0,0,39,18,0,0,213,16,0,0,166,26,0,0,153,24,0,0,190,31,0,0,222,24,0,0,7,54,0,0,182,4,0,0,4,0,0,0,11,0,0,0,18,0,0,0,19,0,0,0,29,0,0,0,34,0,0,0,42,0,0,0,34,0,0,0,98,0,0,0,10,0,0,0,4,0,0,0,5,0,0,0,9,0,0,0,9,0,0,0,16,0,0,0,28,0,0,0,24,0,0,0,15,0,0,0,40,0,0,0,4,0,0,0,104,76,184,65,69,217,188,65,234,1,186,65,169,177,192,65,95,45,191,65,21,250,188,65,7,189,94,66,208,243,79,66,249,202,92,66,82,98,86,66,251,195,86,66,153,27,89,66,25,0,0,0
202,105,2,0,12,0,0,0,59,2,0,0,173,149,70,62,171,248,50,62,144,217,23,65,29,136,33,60,187,210,72,60,73,40,139,189,0,0,185,65,1,0,0,0,3,0,0,0,4,0,0,0,9,0,0,0,15,0,0,0,17,0,0,0,40,0,0,0,13,0,0,0,86,0,0,0,7,0,0,0,7,0,0,0,15,0,0,0,15,0,0,0,38,0,0,0,50,0,0,0,74,0,0,0,81,0,0,0,40,0,0,0,146,0,0,0,8,0,0,0,1,0,0,0,4,0,0,0,4,0,0,0,5,0,0,0,8,0,0,0,11,0,0,0,11,0,0,0,8,0,0,0,20,0,0,0,3,0,0,0,4,0,0,0,14,0,0,0,20,0,0,0,19,0,0,0,22,0,0,0,28,0,0,0,36,0,0,0,32,0,0,0,93,0,0,0,8,0,0,0,245,1,0,0,215,10,0,0,110,12,0,0,137,14,0,0,3,19,0,0,109,22,0,0,62,29,0,0,184,16,0,0,27,38,0,0,236,2,0,0,4,0,0,0,4,0,0,0,9,0,0,0,9,0,0,0,15,0,0,0,29,0,0,0,26,0,0,0,15,0,0,0,39,0,0,0,3,0,0,0,80,5,184,65,173,233,188,65,242,164,185,65,72,68,192,65,176,165,191,65,53,228,188,65,171,245,94,66,28,148,79,66,221,34,93,66,42,194,85,66,205,125,85,66,193,62,89,66,25,0,0,0
219,144,2,0,13,0,0,0,59,2,0,0,173,149,70,62,171,248,50,62,144,217,23,65,29,136,33,60,187,210,72,60,73,40,139,189,0,0,185,65,1,0,0,0,4,0,0,0,5,0,0,0,9,0,0,0,16,0,0,0,18,0,0,0,41,0,0,0,14,0,0,0,87,0,0,0,7,0,0,0,187,2,0,0,67,14,0,0,90,17,0,0,182,21,0,0,238,25,0,0,122,32,0,0,131,38,0,0,98,21,0,0,19,51,0,0,192,3,0,0,1,0,0,0,3,0,0,0,5,0,0,0,5,0,0,0,8,0,0,0,11,0,0,0,11,0,0,0,9,0,0,0,22,0,0,0,3,0,0,0,2,0,0,0,5,0,0,0,7,0,0,0,9,0,0,0,15,0,0,0,22,0,0,0,25,0,0,0,18,0,0,0,50,0,0,0,5,0,0,0,3,0,0,0,7,0,0,0,12,0,0,0,13,0,0,0,22,0,0,0,28,0,0,0,36,0,0,0,28,0,0,0,82,0,0,0,6,0,0,0,4,0,0,0,4,0,0,0,9,0,0,0,8,0,0,0,15,0,0,0,28,0,0,0,24,0,0,0,15,0,0,0,42,0,0,0,3,0,0,0,40,201,183,65,142,174,189,65,178,208,185,65,152,13,192,65,15,100,191,65,212,199,187,65,95,216,94,66,232,43,84,66,74,11,94,66,230,115,86,66,242,179,89,66,46,170,89,66,25,0,0,0
236,183,2,0,14,0,0,0,57,2,0,0,173,149,70,62,171,248,50,62,144,217,23,65,29,136,33,60,187,210,72,60,73,40,139,189,0,0,185,65,2,0,0,0,5,0,0,0,8,0,0,0,11,0,0,0,19,0,0,0,20,0,0,0,44,0,0,0,17,0,0,0,94,0,0,0,8,0,0,0,2,0,0,0,4,0,0,0,6,0,0,0,9,0,0,0,10,0,0,0,17,0,0,0,19,0,0,0,13,0,0,0,37,0,0,0,5,0,0,0,153,2,0,0,131,14,0,0,42,16,0,0,164,20,0,0,156,24,0,0,77,31,0,0,197,35,0,0,150,19,0,0,148,67,0,0,104,4,0,0,1,0,0,0,3,0,0,0,4,0,0,0,5,0,0,0,9,0,0,0,13,0,0,0,16,0,0,0,10,0,0,0,33,0,0,0,3,0,0,0,2,0,0,0,6,0,0,0,8,0,0,0,11,0,0,0,19,0,0,0,27,0,0,0,35,0,0,0,24,0,0,0,75,0,0,0,6,0,0,0,3,0,0,0,4,0,0,0,8,0,0,0,7,0,0,0,13,0,0,0,26,0,0,0,20,0,0,0,13,0,0,0,32,0,0,0,3,0,0,0,80,5,184,65,174,152,189,65,19,237,186,65,200,236,191,65,39,252,190,65,196,210,187,65,135,186,98,66,15,20,87,66,154,81,94,66,140,30,96,66,50,146,93,66,31,185,94,66,25,0,0,0
253,222,2,0,15,0,0,0,60,2,0,0,173,149,70,62,171,248,50,62,144,217,23,65,29,136,33,60,187,210,72,60,73,40,139,189,0,0,185,65,12,3,0,0,239,15,0,0,26,18,0,0,36,23,0,0,112,28,0,0,227,33,0,0,123,33,0,0,201,22,0,0,121,131,0,0,47,4,0,0,6,0,0,0,15,0,0,0,14,0,0,0,36,0,0,0,48,0,0,0,71,0,0,0,78,0,0,0,38,0,0,0,142,0,0,0,7,0,0,0,1,0,0,0,3,0,0,0,4,0,0,0,5,0,0,0,8,0,0,0,10,0,0,0,10,0,0,0,8,0,0,0,21,0,0,0,3,0,0,0,1,0,0,0,4,0,0,0,5,0,0,0,6,0,0,0,10,0,0,0,15,0,0,0,18,0,0,0,14,0,0,0,40,0,0,0,4,0,0,0,2,0,0,0,7,0,0,0,10,0,0,0,13,0,0,0,24,0,0,0,31,0,0,0,37,0,0,0,26,0,0,0,87,0,0,0,7,0,0,0,3,0,0,0,4,0,0,0,8,0,0,0,7,0,0,0,13,0,0,0,26,0,0,0,22,0,0,0,13,0,0,0,33,0,0,0,3,0,0,0,73,17,185,65,149,81,189,65,83,193,186,65,144,187,191,65,207,224,190,65,172,58,188,65,243,233,94,66,49,91,81,66,24,31,92,66,58,168,89,66,104,41,88,66,247,214,90,66,25,0,0,0
14,6,3,0,16,0,0,0,60,2,0,0,173,149,70,62,171,248,50,62,144,217,23,65,29,136,33,60,187,210,72,60,73,40,139,189,0,0,185,65,1,0,0,0,3,0,0,0,4,0,0,0,9,0,0,0,15,0,0,0,17,0,0,0,40,0,0,0,13,0,0,0,86,0,0,0,6,0,0,0,6,0,0,0,15,0,0,0,14,0,0,0,37,0,0,0,49,0,0,0,73,0,0,0,80,0,0,0,39,0,0,0,144,0,0,0,7,0,0,0,1,0,0,0,2,0,0,0,4,0,0,0,5,0,0,0,8,0,0,0,10,0,0,0,10,0,0,0,8,0,0,0,19,0,0,0,3,0,0,0,1,0,0,0,4,0,0,0,5,0,0,0,8,0,0,0,13,0,0,0,20,0,0,0,23,0,0,0,15,0,0,0,46,0,0,0,4,0,0,0,2,0,0,0,5,0,0,0,8,0,0,0,10,0,0,0,24,0,0,0,32,0,0,0,39,0,0,0,27,0,0,0,93,0,0,0,7,0,0,0,3,0,0,0,4,0,0,0,9,0,0,0,8,0,0,0,15,0,0,0,27,0,0,0,22,0,0,0,13,0,0,0,36,0,0,0,3,0,0,0,129,147,184,65,141,255,188,65,194,116,186,65,56,160,191,65,87,219,190,65,140,161,187,65,67,179,94,66,36,99,80,66,65,60,93,66,204,197,87,66,187,33,87,66,31,250,90,66,25,0,0,0
31,45,3,0,17,0,0,0,61,2,0,0,173,149,70,62,171,248,50,62,144,217,23,65,29,136,33,60,187,210,72,60,73,40,139,189,0,0,185,65,2,0,0,0,2,0,0,0,3,0,0,0,6,0,0,0,7,0,0,0,12,0,0,0,12,0,0,0,7,0,0,0,18,0,0,0,1,0,0,0,1,0,0,0,4,0,0,0,4,0,0,0,6,0,0,0,10,0,0,0,14,0,0,0,16,0,0,0,10,0,0,0,36,0,0,0,4,0,0,0,1,0,0,0,1,0,0,0,3,0,0,0,3,0,0,0,3,0,0,0,8,0,0,0,6,0,0,0,7,0,0,0,11,0,0,0,2,0,0,0,3,0,0,0,14,0,0,0,19,0,0,0,21,0,0,0,46,0,0,0,52,0,0,0,50,0,0,0,36,0,0,0,101,0,0,0,7,0,0,0,1,0,0,0,2,0,0,0,3,0,0,0,4,0,0,0,7,0,0,0,10,0,0,0,12,0,0,0,8,0,0,0,14,0,0,0,1,0,0,0,1,0,0,0,2,0,0,0,4,0,0,0,5,0,0,0,9,0,0,0,11,0,0,0,15,0,0,0,7,0,0,0,43,0,0,0,4,0,0,0,242,164,185,65,101,114,189,65,29,157,188,65,183,72,191,65,160,176,191,65,179,46,187,65,95,216,94,66,53,7,81,66,93,97,93,66,253,52,89,66,123,2,87,66,224,81,92,66,25,0,0,0
48,84,3,0,18,0,0,0,58,2,0,0,173,149,70,62,171,248,50,62,144,217,23,65,29,136,33,60,187,210,72,60,73,40,139,189,0,0,185,65,1,0,0,0,2,0,0,0,3,0,0,0,4,0,0,0,5,0,0,0,10,0,0,0,10,0,0,0,7,0,0,0,17,0,0,0,1,0,0,0,1,0,0,0,6,0,0,0,7,0,0,0,9,0,0,0,13,0,0,0,18,0,0,0,20,0,0,0,13,0,0,0,42,0,0,0,4,0,0,0,1,0,0,0,1,0,0,0,3,0,0,0,4,0,0,0,4,0,0,0,9,0,0,0,7,0,0,0,7,0,0,0,14,0,0,0,2,0,0,0,3,0,0,0,14,0,0,0,19,0,0,0,21,0,0,0,46,0,0,0,52,0,0,0,50,0,0,0,36,0,0,0,102,0,0,0,7,0,0,0,1,0,0,0,2,0,0,0,3,0,0,0,4,0,0,0,7,0,0,0,10,0,0,0,13,0,0,0,8,0,0,0,16,0,0,0,2,0,0,0,1,0,0,0,3,0,0,0,4,0,0,0,5,0,0,0,9,0,0,0,11,0,0,0,17,0,0,0,7,0,0,0,44,0,0,0,4,0,0,0,212,199,187,65,190,60,190,65,142,174,189,65,151,175,190,65,183,72,191,65,203,198,186,65,111,124,95,66,163,42,79,66,132,13,92,66,187,33,87,66,184,51,84,66,184,177,91,66,25,0,0,0
65,123,3,0,19,0,0,0,60,2,0,0,173,149,70,62,171,248,50,62,144,217,23,65,29,136,33,60,187,210,72,60,73,40,139,189,0,0,185,65,2,0,0,0,2,0,0,0,3,0,0,0,5,0,0,0,5,0,0,0,10,0,0,0,10,0,0,0,6,0,0,0,17,0,0,0,1,0,0,0,1,0,0,0,7,0,0,0,7,0,0,0,9,0,0,0,14,0,0,0,19,0,0,0,22,0,0,0,13,0,0,0,44,0,0,0,5,0,0,0,1,0,0,0,2,0,0,0,4,0,0,0,4,0,0,0,5,0,0,0,10,0,0,0,14,0,0,0,8,0,0,0,51,0,0,0,3,0,0,0,3,0,0,0,14,0,0,0,19,0,0,0,21,0,0,0,46,0,0,0,52,0,0,0,50,0,0,0,36,0,0,0,101,0,0,0,7,0,0,0,0,0,0,0,2,0,0,0,3,0,0,0,4,0,0,0,5,0,0,0,8,0,0,0,10,0,0,0,6,0,0,0,16,0,0,0,1,0,0,0,1,0,0,0,2,0,0,0,4,0,0,0,5,0,0,0,9,0,0,0,11,0,0,0,16,0,0,0,7,0,0,0,44,0,0,0,4,0,0,0,215,131,190,65,38,77,190,65,215,131,190,65,38,77,190,65,55,241,190,65,43,133,186,65,45,105,93,66,86,150,77,66,174,101,90,66,195,115,87,66,112,63,84,66,152,224,91,66,25,0,0,0
82,162,3,0,20,0,0,0,58,2,0,0,173,149,70,62,171,248,50,62,144,217,23,65,29,136,33,60,187,210,72,60,73,40,139,189,0,128,185,65,2,0,0,0,2,0,0,0,4,0,0,0,5,0,0,0,6,0,0,0,10,0,0,0,10,0,0,0,6,0,0,0,17,0,0,0,1,0,0,0,1,0,0,0,7,0,0,0,7,0,0,0,9,0,0,0,14,0,0,0,18,0,0,0,21,0,0,0,13,0,0,0,43,0,0,0,5,0,0,0,1,0,0,0,2,0,0,0,5,0,0,0,10,0,0,0,8,0,0,0,12,0,0,0,39,0,0,0,10,0,0,0,114,0,0,0,6,0,0,0,3,0,0,0,14,0,0,0,19,0,0,0,21,0,0,0,47,0,0,0,52,0,0,0,51,0,0,0,37,0,0,0,103,0,0,0,7,0,0,0,1,0,0,0,2,0,0,0,3,0,0,0,4,0,0,0,7,0,0,0,10,0,0,0,13,0,0,0,8,0,0,0,16,0,0,0,1,0,0,0,1,0,0,0,2,0,0,0,4,0,0,0,5,0,0,0,9,0,0,0,12,0,0,0,16,0,0,0,7,0,0,0,44,0,0,0,4,0,0,0,128,198,191,65,247,28,191,65,79,56,191,65,134,11,190,65,199,142,190,65,106,89,186,65,197,169,92,66,133,17,77,66,186,230,89,66,212,23,88,66,61,155,84,66,236,79,92,66,25,0,0,0
99,201,3,0,21,0,0,0,61,2,0,0,173,149,70,62,171,248,50,62,144,217,23,65,29,136,33,60,187,210,72,60,73,40,139,189,0,128,185,65,2,0,0,0,3,0,0,0,4,0,0,0,5,0,0,0,7,0,0,0,12,0,0,0,12,0,0,0,8,0,0,0,18,0,0,0,1,0,0,0,2,0,0,0,8,0,0,0,8,0,0,0,11,0,0,0,18,0,0,0,24,0,0,0,28,0,0,0,17,0,0,0,53,0,0,0,5,0,0,0,1,0,0,0,1,0,0,0,3,0,0,0,3,0,0,0,3,0,0,0,6,0,0,0,6,0,0,0,5,0,0,0,10,0,0,0,2,0,0,0,4,0,0,0,16,0,0,0,18,0,0,0,31,0,0,0,51,0,0,0,71,0,0,0,56,0,0,0,30,0,0,0,157,0,0,0,9,0,0,0,3,0,0,0,6,0,0,0,12,0,0,0,10,0,0,0,18,0,0,0,24,0,0,0,25,0,0,0,20,0,0,0,41,0,0,0,3,0,0,0,0,0,0,0,2,0,0,0,3,0,0,0,3,0,0,0,5,0,0,0,8,0,0,0,11,0,0,0,7,0,0,0,24,0,0,0,2,0,0,0,153,188,192,65,135,105,191,65,80,231,191,65,62,229,189,65,246,109,190,65,18,62,186,65,95,156,90,66,245,171,76,66,1,94,89,66,217,189,88,66,69,237,84,66,121,9,93,66,25,0,0,0
116,240,3,0,22,0,0,0,60,2,0,0,173,149,70,62,171,248,50,62,144,217,23,65,29,136,33,60,187,210,72,60,73,40,139,189,0,128,185,65,0,0,0,0,0,0,0,0,0,0,0,0,0,0,0,0,0,0,0,0,0,0,0,0,0,0,0,0,1,0,0,0,0,0,0,0,0,0,0,0,3,0,0,0,10,0,0,0,11,0,0,0,27,0,0,0,22,0,0,0,56,0,0,0,70,0,0,0,24,0,0,0,143,0,0,0,9,0,0,0,1,0,0,0,1,0,0,0,2,0,0,0,2,0,0,0,3,0,0,0,7,0,0,0,5,0,0,0,5,0,0,0,8,0,0,0,2,0,0,0,1,0,0,0,7,0,0,0,9,0,0,0,12,0,0,0,23,0,0,0,33,0,0,0,34,0,0,0,20,0,0,0,71,0,0,0,8,0,0,0,1,0,0,0,3,0,0,0,4,0,0,0,6,0,0,0,9,0,0,0,13,0,0,0,16,0,0,0,11,0,0,0,36,0,0,0,3,0,0,0,1,0,0,0,2,0,0,0,4,0,0,0,3,0,0,0,6,0,0,0,8,0,0,0,10,0,0,0,8,0,0,0,27,0,0,0,3,0,0,0,134,126,206,65,200,236,191,65,224,51,192,65,126,185,189,65,224,132,191,65,11,155,186,65,54,126,82,66,83,153,98,66,227,129,98,66,92,38,96,66,159,51,99,66,156,4,100,66,25,0,0,0
133,23,4,0,23,0,0,0,59,2,0,0,173,149,70,62,171,248,50,62,144,217,23,65,29,136,33,60,187,210,72,60,73,40,139,189,0,128,185,65,0,0,0,0,0,0,0,0,0,0,0,0,0,0,0,0,0,0,0,0,0,0,0,0,0,0,0,0,1,0,0,0,0,0,0,0,0,0,0,0,0,0,0,0,3,0,0,0,3,0,0,0,3,0,0,0,4,0,0,0,4,0,0,0,5,0,0,0,4,0,0,0,12,0,0,0,2,0,0,0,0,0,0,0,0,0,0,0,0,0,0,0,0,0,0,0,0,0,0,0,0,0,0,0,0,0,0,0,0,0,0,0,1,0,0,0,0,0,0,0,0,0,0,0,1,0,0,0,0,0,0,0,0,0,0,0,1,0,0,0,2,0,0,0,1,0,0,0,0,0,0,0,3,0,0,0,0,0,0,0,0,0,0,0,0,0,0,0,0,0,0,0,1,0,0,0,1,0,0,0,1,0,0,0,2,0,0,0,1,0,0,0,4,0,0,0,0,0,0,0,0,0,0,0,0,0,0,0,1,0,0,0,0,0,0,0,1,0,0,0,1,0,0,0,2,0,0,0,1,0,0,0,4,0,0,0,1,0,0,0,43,218,210,65,1,124,193,65,217,144,192,65,117,103,189,65,137,199,192,65,211,24,187,65,146,135,85,66,106,89,94,66,93,163,96,66,67,244,90,66,94,227,85,66,129,26,97,66,25,0,0,0
150,62,4,0,24,0,0,0,59,2,0,0,173,149,70,62,171,248,50,62,144,217,23,65,29,136,33,60,187,210,72,60,73,40,139,189,0,128,185,65,2,0,0,0,1,0,0,0,1,0,0,0,5,0,0,0,5,0,0,0,25,0,0,0,9,0,0,0,5,0,0,0,14,0,0,0,1,0,0,0,1,0,0,0,3,0,0,0,4,0,0,0,6,0,0,0,10,0,0,0,16,0,0,0,16,0,0,0,9,0,0,0,38,0,0,0,4,0,0,0,1,0,0,0,6,0,0,0,7,0,0,0,11,0,0,0,18,0,0,0,22,0,0,0,29,0,0,0,14,0,0,0,54,0,0,0,6,0,0,0,1,0,0,0,3,0,0,0,4,0,0,0,5,0,0,0,13,0,0,0,19,0,0,0,20,0,0,0,13,0,0,0,41,0,0,0,4,0,0,0,2,0,0,0,2,0,0,0,5,0,0,0,5,0,0,0,10,0,0,0,15,0,0,0,18,0,0,0,9,0,0,0,27,0,0,0,2,0,0,0,0,0,0,0,1,0,0,0,1,0,0,0,2,0,0,0,4,0,0,0,6,0,0,0,8,0,0,0,4,0,0,0,19,0,0,0,2,0,0,0,4,26,204,65,42,184,193,65,64,242,191,65,77,43,189,65,217,144,192,65,139,242,186,65,34,51,74,66,61,220,80,66,109,207,88,66,114,242,89,66,211,225,82,66,93,228,92,66,25,0,0,0
166,101,4,0,25,0,0,0,59,2,0,0,173,149,70,62,171,248,50,62,144,217,23,65,29,136,33,60,187,210,72,60,73,40,139,189,0,128,185,65,0,0,0,0,0,0,0,0,0,0,0,0,0,0,0,0,0,0,0,0,0,0,0,0,0,0,0,0,1,0,0,0,0,0,0,0,0,0,0,0,2,0,0,0,8,0,0,0,9,0,0,0,11,0,0,0,16,0,0,0,22,0,0,0,26,0,0,0,18,0,0,0,59,0,0,0,5,0,0,0,1,0,0,0,2,0,0,0,3,0,0,0,4,0,0,0,10,0,0,0,12,0,0,0,13,0,0,0,11,0,0,0,19,0,0,0,2,0,0,0,2,0,0,0,9,0,0,0,12,0,0,0,16,0,0,0,29,0,0,0,41,0,0,0,44,0,0,0,30,0,0,0,98,0,0,0,10,0,0,0,3,0,0,0,2,0,0,0,9,0,0,0,5,0,0,0,10,0,0,0,22,0,0,0,13,0,0,0,14,0,0,0,22,0,0,0,2,0,0,0,0,0,0,0,1,0,0,0,3,0,0,0,3,0,0,0,4,0,0,0,6,0,0,0,8,0,0,0,4,0,0,0,18,0,0,0,2,0,0,0,216,84,208,65,137,118,193,65,72,149,191,65,13,168,188,65,248,122,192,65,147,68,187,65,56,250,75,66,131,29,75,66,23,102,87,66,158,62,90,66,75,206,82,66,61,150,92,66,25,0,0,0
183,140,4,0,26,0,0,0,59,2,0,0,173,149,70,62,171,248,50,62,144,217,23,65,29,136,33,60,187,210,72,60,73,40,139,189,0,0,186,65,4,0,0,0,19,0,0,0,16,0,0,0,26,0,0,0,34,0,0,0,42,0,0,0,42,0,0,0,25,0,0,0,95,0,0,0,7,0,0,0,1,0,0,0,3,0,0,0,4,0,0,0,4,0,0,0,5,0,0,0,7,0,0,0,9,0,0,0,7,0,0,0,8,0,0,0,1,0,0,0,0,0,0,0,0,0,0,0,0,0,0,0,0,0,0,0,0,0,0,0,0,0,0,0,0,0,0,0,0,0,0,0,1,0,0,0,0,0,0,0,14,0,0,0,16,0,0,0,17,0,0,0,52,0,0,0,112,0,0,0,240,0,0,0,232,0,0,0,144,0,0,0,77,1,0,0,24,0,0,0,5,0,0,0,9,0,0,0,14,0,0,0,17,0,0,0,30,0,0,0,42,0,0,0,47,0,0,0,34,0,0,0,89,0,0,0,8,0,0,0,4,0,0,0,18,0,0,0,14,0,0,0,27,0,0,0,31,0,0,0,46,0,0,0,53,0,0,0,25,0,0,0,113,0,0,0,7,0,0,0,125,125,205,65,74,81,194,65,162,189,193,65,13,168,188,65,137,199,192,65,179,46,187,65,141,230,76,66,52,209,75,66,195,181,90,66,233,163,92,66,100,60,92,66,250,196,93,66,25,0,0,0
200,179,4,0,27,0,0,0,58,2,0,0,173,149,70,62,171,248,50,62,144,217,23,65,29,136,33,60,187,210,72,60,73,40,139,189,0,0,186,65,2,0,0,0,2,0,0,0,4,0,0,0,7,0,0,0,8,0,0,0,13,0,0,0,14,0,0,0,9,0,0,0,21,0,0,0,2,0,0,0,3,0,0,0,7,0,0,0,9,0,0,0,14,0,0,0,23,0,0,0,35,0,0,0,39,0,0,0,24,0,0,0,69,0,0,0,8,0,0,0,3,0,0,0,10,0,0,0,16,0,0,0,19,0,0,0,34,0,0,0,50,0,0,0,65,0,0,0,36,0,0,0,175,0,0,0,10,0,0,0,3,0,0,0,13,0,0,0,16,0,0,0,19,0,0,0,46,0,0,0,46,0,0,0,49,0,0,0,33,0,0,0,82,0,0,0,4,0,0,0,1,0,0,0,6,0,0,0,7,0,0,0,7,0,0,0,10,0,0,0,14,0,0,0,19,0,0,0,14,0,0,0,45,0,0,0,4,0,0,0,1,0,0,0,2,0,0,0,3,0,0,0,3,0,0,0,6,0,0,0,9,0,0,0,11,0,0,0,6,0,0,0,35,0,0,0,3,0,0,0,139,101,203,65,90,70,194,65,108,72,196,65,117,184,188,65,26,195,193,65,99,182,186,65,174,242,73,66,92,244,75,66,22,43,90,66,74,11,94,66,47,229,86,66,253,243,92,66,25,0,0,0
217,218,4,0,28,0,0,0,56,2,0,0,173,149,70,62,171,248,50,62,144,217,23,65,29,136,33,60,187,210,72,60,73,40,139,189,0,0,186,65,2,0,0,0,2,0,0,0,4,0,0,0,7,0,0,0,8,0,0,0,13,0,0,0,14,0,0,0,8,0,0,0,21,0,0,0,2,0,0,0,3,0,0,0,6,0,0,0,9,0,0,0,13,0,0,0,23,0,0,0,34,0,0,0,38,0,0,0,23,0,0,0,69,0,0,0,8,0,0,0,3,0,0,0,10,0,0,0,16,0,0,0,19,0,0,0,34,0,0,0,49,0,0,0,65,0,0,0,36,0,0,0,175,0,0,0,10,0,0,0,3,0,0,0,13,0,0,0,16,0,0,0,19,0,0,0,46,0,0,0,46,0,0,0,49,0,0,0,33,0,0,0,82,0,0,0,4,0,0,0,1,0,0,0,6,0,0,0,7,0,0,0,7,0,0,0,10,0,0,0,15,0,0,0,20,0,0,0,15,0,0,0,45,0,0,0,4,0,0,0,1,0,0,0,2,0,0,0,3,0,0,0,3,0,0,0,6,0,0,0,9,0,0,0,12,0,0,0,6,0,0,0,35,0,0,0,3,0,0,0,65,131,200,65,26,195,193,65,12,219,195,65,253,178,188,65,83,163,194,65,163,138,186,65,38,92,74,66,129,41,73,66,13,97,81,66,171,185,90,66,109,81,81,66,104,101,92,66,25,0,0,0
234,1,5,0,29,0,0,0,59,2,0,0,173,149,70,62,171,248,50,62,144,217,23,65,29,136,33,60,187,210,72,60,73,40,139,189,0,0,186,65,2,0,0,0,2,0,0,0,4,0,0,0,7,0,0,0,8,0,0,0,13,0,0,0,14,0,0,0,8,0,0,0,21,0,0,0,2,0,0,0,3,0,0,0,7,0,0,0,9,0,0,0,14,0,0,0,23,0,0,0,35,0,0,0,39,0,0,0,24,0,0,0,69,0,0,0,8,0,0,0,3,0,0,0,10,0,0,0,16,0,0,0,19,0,0,0,33,0,0,0,50,0,0,0,65,0,0,0,36,0,0,0,175,0,0,0,10,0,0,0,3,0,0,0,14,0,0,0,17,0,0,0,20,0,0,0,48,0,0,0,50,0,0,0,52,0,0,0,35,0,0,0,92,0,0,0,5,0,0,0,1,0,0,0,7,0,0,0,8,0,0,0,8,0,0,0,12,0,0,0,17,0,0,0,22,0,0,0,16,0,0,0,50,0,0,0,4,0,0,0,1,0,0,0,2,0,0,0,3,0,0,0,3,0,0,0,6,0,0,0,9,0,0,0,10,0,0,0,6,0,0,0,35,0,0,0,3,0,0,0,151,145,198,65,17,113,193,65,26,114,194,65,196,129,188,65,210,75,194,65,11,155,186,65,244,177,75,66,13,233,72,66,37,93,81,66,162,103,90,66,101,130,80,66,201,210,92,66,25,0,0,0
251,40,5,0,30,0,0,0,60,2,0,0,173,149,70,62,171,248,50,62,144,217,23,65,29,136,33,60,187,210,72,60,73,40,139,189,0,0,186,65,2,0,0,0,2,0,0,0,4,0,0,0,7,0,0,0,8,0,0,0,13,0,0,0,14,0,0,0,9,0,0,0,21,0,0,0,2,0,0,0,3,0,0,0,7,0,0,0,9,0,0,0,14,0,0,0,23,0,0,0,34,0,0,0,38,0,0,0,24,0,0,0,69,0,0,0,8,0,0,0,3,0,0,0,10,0,0,0,16,0,0,0,19,0,0,0,33,0,0,0,50,0,0,0,65,0,0,0,36,0,0,0,174,0,0,0,10,0,0,0,3,0,0,0,13,0,0,0,16,0,0,0,19,0,0,0,46,0,0,0,47,0,0,0,49,0,0,0,33,0,0,0,83,0,0,0,4,0,0,0,1,0,0,0,7,0,0,0,8,0,0,0,8,0,0,0,12,0,0,0,17,0,0,0,22,0,0,0,16,0,0,0,50,0,0,0,4,0,0,0,1,0,0,0,2,0,0,0,3,0,0,0,3,0,0,0,6,0,0,0,9,0,0,0,11,0,0,0,6,0,0,0,35,0,0,0,3,0,0,0,53,117,197,65,97,58,193,65,185,85,193,65,188,47,188,65,138,37,194,65,82,18,186,65,117,103,77,66,157,78,73,66,31,255,82,66,78,117,90,66,5,146,80,66,89,187,92,66,25,0,0,0
12,80,5,0,31,0,0,0,59,2,0,0,173,149,70,62,171,248,50,62,144,217,23,65,29,136,33,60,187,210,72,60,73,40,139,189,0,128,186,65,2,0,0,0,2,0,0,0,4,0,0,0,7,0,0,0,8,0,0,0,13,0,0,0,14,0,0,0,9,0,0,0,21,0,0,0,2,0,0,0,3,0,0,0,7,0,0,0,9,0,0,0,14,0,0,0,24,0,0,0,36,0,0,0,40,0,0,0,24,0,0,0,69,0,0,0,8,0,0,0,3,0,0,0,10,0,0,0,16,0,0,0,19,0,0,0,33,0,0,0,49,0,0,0,65,0,0,0,36,0,0,0,174,0,0,0,10,0,0,0,3,0,0,0,14,0,0,0,16,0,0,0,19,0,0,0,46,0,0,0,47,0,0,0,49,0,0,0,33,0,0,0,84,0,0,0,4,0,0,0,1,0,0,0,7,0,0,0,7,0,0,0,8,0,0,0,12,0,0,0,17,0,0,0,23,0,0,0,16,0,0,0,51,0,0,0,4,0,0,0,1,0,0,0,2,0,0,0,3,0,0,0,3,0,0,0,6,0,0,0,9,0,0,0,11,0,0,0,6,0,0,0,35,0,0,0,3,0,0,0,180,110,196,65,137,199,192,65,112,128,192,65,4,86,188,65,178,178,193,65,18,62,186,65,66,64,78,66,85,90,73,66,64,202,83,66,163,228,90,66,145,206,80,66,229,247,92,66,25,0,0,0
29,119,5,0,32,0,0,0,60,2,0,0,173,149,70,62,171,248,50,62,144,217,23,65,29,136,33,60,187,210,72,60,73,40,139,189,0,128,186,65,2,0,0,0,2,0,0,0,4,0,0,0,7,0,0,0,8,0,0,0,13,0,0,0,14,0,0,0,9,0,0,0,21,0,0,0,2,0,0,0,3,0,0,0,7,0,0,0,9,0,0,0,14,0,0,0,23,0,0,0,35,0,0,0,39,0,0,0,24,0,0,0,69,0,0,0,8,0,0,0,3,0,0,0,11,0,0,0,16,0,0,0,19,0,0,0,33,0,0,0,49,0,0,0,65,0,0,0,36,0,0,0,174,0,0,0,10,0,0,0,3,0,0,0,14,0,0,0,16,0,0,0,20,0,0,0,46,0,0,0,47,0,0,0,50,0,0,0,33,0,0,0,84,0,0,0,4,0,0,0,1,0,0,0,6,0,0,0,7,0,0,0,7,0,0,0,11,0,0,0,16,0,0,0,21,0,0,0,15,0,0,0,49,0,0,0,4,0,0,0,1,0,0,0,2,0,0,0,3,0,0,0,3,0,0,0,6,0,0,0,9,0,0,0,11,0,0,0,6,0,0,0,36,0,0,0,3,0,0,0,124,142,195,65,81,150,192,65,248,203,191,65,116,9,188,65,210,156,193,65,50,40,186,65,23,107,79,66,190,156,73,66,137,184,84,66,79,242,90,66,1,230,80,66,61,19,93,66,25,0,0,0
46,158,5,0,33,0,0,0,59,2,0,0,173,149,70,62,171,248,50,62,144,217,23,65,29,136,33,60,187,210,72,60,73,40,139,189,0,128,186,65,2,0,0,0,2,0,0,0,4,0,0,0,7,0,0,0,8,0,0,0,13,0,0,0,14,0,0,0,9,0,0,0,21,0,0,0,2,0,0,0,3,0,0,0,7,0,0,0,9,0,0,0,14,0,0,0,23,0,0,0,34,0,0,0,38,0,0,0,24,0,0,0,68,0,0,0,8,0,0,0,3,0,0,0,10,0,0,0,16,0,0,0,19,0,0,0,33,0,0,0,49,0,0,0,65,0,0,0,36,0,0,0,174,0,0,0,10,0,0,0,3,0,0,0,14,0,0,0,16,0,0,0,20,0,0,0,46,0,0,0,48,0,0,0,50,0,0,0,33,0,0,0,85,0,0,0,4,0,0,0,1,0,0,0,6,0,0,0,6,0,0,0,7,0,0,0,10,0,0,0,15,0,0,0,19,0,0,0,14,0,0,0,46,0,0,0,4,0,0,0,1,0,0,0,2,0,0,0,3,0,0,0,3,0,0,0,6,0,0,0,9,0,0,0,10,0,0,0,6,0,0,0,35,0,0,0,3,0,0,0,227,239,194,65,81,150,192,65,247,28,191,65,116,9,188,65,145,25,193,65,82,18,186,65,188,32,80,66,134,207,73,66,33,112,85,66,15,211,90,66,205,65,81,66,129,91,93,66,25,0,0,0
63,197,5,0,34,0,0,0,60,2,0,0,173,149,70,62,171,248,50,62,144,217,23,65,29,136,33,60,187,210,72,60,73,40,139,189,0,0,187,65,2,0,0,0,2,0,0,0,4,0,0,0,7,0,0,0,8,0,0,0,13,0,0,0,14,0,0,0,9,0,0,0,21,0,0,0,2,0,0,0,3,0,0,0,7,0,0,0,9,0,0,0,14,0,0,0,23,0,0,0,34,0,0,0,38,0,0,0,24,0,0,0,69,0,0,0,8,0,0,0,3,0,0,0,11,0,0,0,16,0,0,0,19,0,0,0,33,0,0,0,49,0,0,0,65,0,0,0,35,0,0,0,174,0,0,0,10,0,0,0,3,0,0,0,13,0,0,0,16,0,0,0,19,0,0,0,46,0,0,0,47,0,0,0,49,0,0,0,33,0,0,0,83,0,0,0,4,0,0,0,1,0,0,0,6,0,0,0,7,0,0,0,7,0,0,0,11,0,0,0,15,0,0,0,21,0,0,0,15,0,0,0,49,0,0,0,4,0,0,0,1,0,0,0,2,0,0,0,3,0,0,0,3,0,0,0,6,0,0,0,9,0,0,0,11,0,0,0,6,0,0,0,35,0,0,0,3,0,0,0,74,81,194,65,32,8,192,65,87,219,190,65,68,42,188,65,57,254,192,65,2,154,185,65,29,11,81,66,2,229,73,66,110,10,86,66,215,5,91,66,18,138,81,66,25,25,93,66,25,0,0,0
80,236,5,0,35,0,0,0,58,2,0,0,173,149,70,62,171,248,50,62,144,217,23,65,29,136,33,60,187,210,72,60,73,40,139,189,0,0,187,65,2,0,0,0,2,0,0,0,4,0,0,0,6,0,0,0,8,0,0,0,13,0,0,0,14,0,0,0,9,0,0,0,21,0,0,0,2,0,0,0,3,0,0,0,7,0,0,0,9,0,0,0,14,0,0,0,23,0,0,0,34,0,0,0,38,0,0,0,24,0,0,0,68,0,0,0,8,0,0,0,3,0,0,0,10,0,0,0,16,0,0,0,19,0,0,0,33,0,0,0,48,0,0,0,65,0,0,0,36,0,0,0,174,0,0,0,10,0,0,0,3,0,0,0,13,0,0,0,16,0,0,0,19,0,0,0,46,0,0,0,47,0,0,0,49,0,0,0,33,0,0,0,83,0,0,0,4,0,0,0,1,0,0,0,7,0,0,0,8,0,0,0,8,0,0,0,11,0,0,0,16,0,0,0,21,0,0,0,15,0,0,0,50,0,0,0,4,0,0,0,1,0,0,0,2,0,0,0,3,0,0,0,3,0,0,0,6,0,0,0,9,0,0,0,11,0,0,0,6,0,0,0,35,0,0,0,3,0,0,0,146,200,193,65,24,182,191,65,54,66,190,65,44,227,187,65,145,25,193,65,90,181,185,65,202,149,81,66,154,31,74,66,39,147,86,66,223,87,91,66,98,208,81,66,122,134,93,66,25,0,0,0
97,19,6,0,36,0,0,0,59,2,0,0,173,149,70,62,171,248,50,62,144,217,23,65,29,136,33,60,187,210,72,60,73,40,139,189,0,0,187,65,2,0,0,0,2,0,0,0,4,0,0,0,7,0,0,0,8,0,0,0,13,0,0,0,14,0,0,0,8,0,0,0,21,0,0,0,2,0,0,0,3,0,0,0,7,0,0,0,9,0,0,0,14,0,0,0,23,0,0,0,34,0,0,0,38,0,0,0,24,0,0,0,68,0,0,0,8,0,0,0,3,0,0,0,10,0,0,0,16,0,0,0,19,0,0,0,33,0,0,0,49,0,0,0,65,0,0,0,35,0,0,0,174,0,0,0,10,0,0,0,3,0,0,0,13,0,0,0,16,0,0,0,19,0,0,0,46,0,0,0,46,0,0,0,49,0,0,0,33,0,0,0,82,0,0,0,4,0,0,0,1,0,0,0,6,0,0,0,7,0,0,0,7,0,0,0,10,0,0,0,13,0,0,0,18,0,0,0,13,0,0,0,43,0,0,0,3,0,0,0,1,0,0,0,2,0,0,0,2,0,0,0,3,0,0,0,6,0,0,0,9,0,0,0,10,0,0,0,6,0,0,0,35,0,0,0,3,0,0,0,9,31,193,65,96,220,191,65,246,190,189,65,68,42,188,65,217,144,192,65,74,192,185,65,146,69,82,66,7,139,74,66,3,22,87,66,55,246,90,66,138,243,81,66,65,60,93,66,25,0,0,0
114,58,6,0,37,0,0,0,59,2,0,0,173,149,70,62,171,248,50,62,144,217,23,65,29,136,33,60,187,210,72,60,73,40,139,189,0,0,187,65,2,0,0,0,2,0,0,0,4,0,0,0,6,0,0,0,8,0,0,0,13,0,0,0,14,0,0,0,9,0,0,0,21,0,0,0,2,0,0,0,3,0,0,0,7,0,0,0,9,0,0,0,14,0,0,0,23,0,0,0,34,0,0,0,38,0,0,0,24,0,0,0,68,0,0,0,8,0,0,0,3,0,0,0,11,0,0,0,16,0,0,0,19,0,0,0,33,0,0,0,48,0,0,0,65,0,0,0,35,0,0,0,174,0,0,0,10,0,0,0,3,0,0,0,13,0,0,0,16,0,0,0,19,0,0,0,46,0,0,0,46,0,0,0,49,0,0,0,33,0,0,0,82,0,0,0,4,0,0,0,1,0,0,0,5,0,0,0,6,0,0,0,6,0,0,0,10,0,0,0,14,0,0,0,18,0,0,0,14,0,0,0,45,0,0,0,3,0,0,0,1,0,0,0,2,0,0,0,2,0,0,0,3,0,0,0,6,0,0,0,9,0,0,0,11,0,0,0,6,0,0,0,35,0,0,0,3,0,0,0,137,199,192,65,215,50,191,65,253,97,189,65,84,31,188,65,1,205,192,65,146,230,185,65,255,176,82,66,215,146,74,66,219,111,87,66,59,31,91,66,30,5,82,66,45,105,93,66,25,0,0,0
131,97,6,0,38,0,0,0,59,2,0,0,173,149,70,62,171,248,50,62,144,217,23,65,29,136,33,60,187,210,72,60,73,40,139,189,0,0,187,65,2,0,0,0,2,0,0,0,4,0,0,0,7,0,0,0,8,0,0,0,13,0,0,0,14,0,0,0,9,0,0,0,21,0,0,0,2,0,0,0,3,0,0,0,7,0,0,0,9,0,0,0,14,0,0,0,23,0,0,0,34,0,0,0,38,0,0,0,24,0,0,0,68,0,0,0,8,0,0,0,3,0,0,0,11,0,0,0,16,0,0,0,19,0,0,0,33,0,0,0,48,0,0,0,65,0,0,0,35,0,0,0,174,0,0,0,10,0,0,0,3,0,0,0,13,0,0,0,16,0,0,0,19,0,0,0,46,0,0,0,46,0,0,0,49,0,0,0,33,0,0,0,81,0,0,0,4,0,0,0,1,0,0,0,6,0,0,0,7,0,0,0,7,0,0,0,10,0,0,0,14,0,0,0,19,0,0,0,14,0,0,0,47,0,0,0,4,0,0,0,1,0,0,0,2,0,0,0,3,0,0,0,3,0,0,0,6,0,0,0,9,0,0,0,10,0,0,0,6,0,0,0,36,0,0,0,3,0,0,0,40,90,192,65,111,34,191,65,173,233,188,65,36,64,188,65,73,243,192,65,10,236,185,65,36,165,83,66,87,78,75,66,180,70,88,66,223,218,90,66,98,77,82,66,45,105,93,66,25,0,0,0
148,136,6,0,39,0,0,0,60,2,0,0,173,149,70,62,171,248,50,62,144,217,23,65,29,136,33,60,187,210,72,60,73,40,139,189,0,0,187,65,2,0,0,0,2,0,0,0,4,0,0,0,7,0,0,0,8,0,0,0,13,0,0,0,14,0,0,0,9,0,0,0,21,0,0,0,2,0,0,0,3,0,0,0,7,0,0,0,10,0,0,0,15,0,0,0,25,0,0,0,37,0,0,0,43,0,0,0,26,0,0,0,69,0,0,0,8,0,0,0,3,0,0,0,10,0,0,0,16,0,0,0,19,0,0,0,33,0,0,0,49,0,0,0,65,0,0,0,35,0,0,0,174,0,0,0,10,0,0,0,3,0,0,0,13,0,0,0,16,0,0,0,19,0,0,0,46,0,0,0,47,0,0,0,51,0,0,0,34,0,0,0,84,0,0,0,4,0,0,0,1,0,0,0,3,0,0,0,4,0,0,0,6,0,0,0,2,0,0,0,3,0,0,0,5,0,0,0,4,0,0,0,10,0,0,0,0,0,0,0,1,0,0,0,2,0,0,0,3,0,0,0,4,0,0,0,6,0,0,0,10,0,0,0,12,0,0,0,6,0,0,0,36,0,0,0,3,0,0,0,24,182,191,65,55,241,190,65,245,15,189,65,84,31,188,65,137,199,192,65,26,225,185,65,76,200,83,66,55,0,75,66,120,80,88,66,131,14,99,66,167,78,87,66,110,5,94,66,25,0,0,0
