57,169,0,0,1,0,0,0,61,2,0,0,12,34,196,60,107,17,46,62,12,89,24,65,140,1,203,60,187,191,107,60,197,109,136,189,0,0,211,65,166,22,0,0,147,25,0,0,122,34,0,0,22,52,0,0,90,47,0,0,70,63,0,0,221,80,0,0,186,69,0,0,80,195,0,0,233,171,0,0,207,51,0,0,19,72,0,0,185,93,0,0,58,111,0,0,239,120,0,0,153,134,0,0,69,146,0,0,87,171,0,0,80,195,0,0,232,179,0,0,86,19,0,0,73,26,0,0,136,36,0,0,90,42,0,0,206,48,0,0,50,50,0,0,157,64,0,0,217,63,0,0,80,195,0,0,1,161,0,0,163,28,0,0,242,33,0,0,108,40,0,0,74,67,0,0,51,62,0,0,208,79,0,0,85,101,0,0,139,89,0,0,80,195,0,0,80,195,0,0,73,52,0,0,25,64,0,0,199,80,0,0,195,117,0,0,215,114,0,0,58,140,0,0,108,174,0,0,7,161,0,0,80,195,0,0,80,195,0,0,192,17,0,0,29,18,0,0,55,25,0,0,78,29,0,0,250,31,0,0,244,39,0,0,218,42,0,0,154,49,0,0,80,195,0,0,158,174,0,0,77,209,212,65,232,13,224,65,129,202,216,65,219,212,226,65,116,145,219,65,9,167,224,65,165,55,131,66,220,155,108,66,94,196,126,66,22,153,114,66,108,193,119,66,132,254,115,66,25,0,0,0
74,208,0,0,2,0,0,0,67,2,0,0,16,249,254,60,76,108,53,62,12,89,24,65,76,70,194,60,220,166,94,60,121,249,136,189,0,0,211,65,70,22,0,0,27,25,0,0,218,33,0,0,54,51,0,0,255,45,0,0,153,61,0,0,142,78,0,0,130,67,0,0,80,195,0,0,116,165,0,0,242,48,0,0,152,68,0,0,80,89,0,0,145,102,0,0,48,111,0,0,215,115,0,0,167,127,0,0,105,157,0,0,80,195,0,0,72,166,0,0,99,19,0,0,159,27,0,0,73,36,0,0,72,45,0,0,81,47,0,0,8,54,0,0,162,64,0,0,103,68,0,0,80,195,0,0,247,150,0,0,138,27,0,0,150,32,0,0,226,38,0,0,199,64,0,0,180,59,0,0,201,76,0,0,125,97,0,0,206,85,0,0,80,195,0,0,80,195,0,0,188,50,0,0,151,62,0,0,59,79,0,0,172,115,0,0,67,112,0,0,177,137,0,0,84,171,0,0,197,157,0,0,80,195,0,0,80,195,0,0,228,16,0,0,69,17,0,0,244,23,0,0,225,27,0,0,93,30,0,0,218,37,0,0,155,40,0,0,229,46,0,0,80,195,0,0,175,166,0,0,85,35,213,65,168,57,224,65,225,55,217,65,138,173,225,65,228,243,219,65,25,156,224,65,242,18,128,66,42,244,105,66,130,255,122,66,50,190,114,66,20,160,120,66,174,217,113,66,25,0,0,0
91,247,0,0,3,0,0,0,68,2,0,0,16,249,254,60,76,108,53,62,12,89,24,65,156,254,178,189,160,47,199,189,193,6,198,191,0,0,211,65,140,23,0,0,192,26,0,0,79,36,0,0,188,53,0,0,168,49,0,0,175,65,0,0,147,83,0,0,238,73,0,0,80,195,0,0,158,171,0,0,133,47,0,0,2,67,0,0,181,85,0,0,136,105,0,0,3,114,0,0,140,120,0,0,5,146,0,0,225,159,0,0,80,195,0,0,80,195,0,0,210,50,0,0,112,69,0,0,42,93,0,0,31,110,0,0,44,116,0,0,92,130,0,0,199,148,0,0,53,158,0,0,80,195,0,0,85,189,0,0,126,27,0,0,105,32,0,0,217,38,0,0,93,64,0,0,96,59,0,0,169,76,0,0,22,97,0,0,175,85,0,0,80,195,0,0,80,195,0,0,208,51,0,0,220,63,0,0,220,80,0,0,109,118,0,0,241,113,0,0,16,140,0,0,61,175,0,0,126,160,0,0,80,195,0,0,80,195,0,0,51,17,0,0,246,17,0,0,208,24,0,0,23,29,0,0,215,31,0,0,41,39,0,0,150,42,0,0,233,48,0,0,80,195,0,0,47,168,0,0,78,47,214,65,25,156,224,65,130,40,218,65,129,91,225,65,221,255,220,65,217,199,224,65,183,52,131,66,188,12,112,66,62,48,128,66,18,47,118,66,230,36,121,66,208,152,116,66,25,0,0,0
108,30,1,0,4,0,0,0,63,2,0,0,16,249,254,60,76,108,53,62,12,89,24,65,174,200,213,63,183,142,87,62,149,156,138,191,0,0,211,65,93,23,0,0,164,26,0,0,52,36,0,0,185,52,0,0,118,49,0,0,6,65,0,0,207,81,0,0,205,73,0,0,80,195,0,0,232,169,0,0,91,49,0,0,2,68,0,0,232,87,0,0,225,109,0,0,163,116,0,0,203,126,0,0,252,150,0,0,98,164,0,0,80,195,0,0,80,195,0,0,163,51,0,0,99,69,0,0,133,93,0,0,167,110,0,0,17,116,0,0,188,131,0,0,248,148,0,0,57,158,0,0,80,195,0,0,205,188,0,0,253,26,0,0,187,31,0,0,18,38,0,0,197,62,0,0,31,58,0,0,233,74,0,0,243,94,0,0,26,84,0,0,80,195,0,0,80,195,0,0,44,51,0,0,22,63,0,0,28,80,0,0,66,117,0,0,168,112,0,0,227,137,0,0,105,173,0,0,89,158,0,0,80,195,0,0,80,195,0,0,238,16,0,0,202,17,0,0,129,24,0,0,206,28,0,0,144,31,0,0,175,38,0,0,54,42,0,0,114,48,0,0,80,195,0,0,75,166,0,0,7,184,214,65,121,9,225,65,235,231,218,65,241,14,225,65,150,136,221,65,153,243,224,65,26,64,122,66,66,180,101,66,144,121,116,66,228,118,107,66,254,102,109,66,10,160,106,66,25,0,0,0
125,69,1,0,5,0,0,0,66,2,0,0,16,249,254,60,76,108,53,62,12,89,24,65,101,17,38,64,218,23,67,190,8,98,159,63,0,0,211,65,67,23,0,0,161,26,0,0,54,36,0,0,203,51,0,0,118,49,0,0,112,64,0,0,69,80,0,0,244,73,0,0,80,195,0,0,225,169,0,0,63,52,0,0,182,73,0,0,31,96,0,0,125,114,0,0,147,129,0,0,197,135,0,0,159,160,0,0,243,178,0,0,80,195,0,0,80,195,0,0,229,50,0,0,84,69,0,0,84,92,0,0,45,111,0,0,220,114,0,0,242,132,0,0,166,148,0,0,80,159,0,0,80,195,0,0,240,189,0,0,205,26,0,0,149,31,0,0,13,38,0,0,33,62,0,0,42,58,0,0,117,74,0,0,27,94,0,0,203,83,0,0,80,195,0,0,80,195,0,0,123,51,0,0,104,63,0,0,170,80,0,0,166,117,0,0,163,113,0,0,10,138,0,0,170,173,0,0,6,159,0,0,80,195,0,0,80,195,0,0,222,16,0,0,217,17,0,0,129,24,0,0,220,28,0,0,173,31,0,0,186,38,0,0,103,42,0,0,160,48,0,0,80,195,0,0,212,166,0,0,120,201,215,65,66,135,225,65,92,249,219,65,81,124,225,65,190,115,222,65,9,86,225,65,16,119,120,66,136,49,100,66,40,55,116,66,74,1,110,66,238,182,110,66,180,120,108,66,25,0,0,0
142,108,1,0,6,0,0,0,68,2,0,0,16,249,254,60,76,108,53,62,12,89,24,65,112,253,216,63,112,94,201,191,214,168,15,63,0,0,211,65,87,23,0,0,223,26,0,0,143,36,0,0,87,51,0,0,237,49,0,0,77,64,0,0,149,79,0,0,227,74,0,0,80,195,0,0,174,171,0,0,141,57,0,0,253,80,0,0,67,106,0,0,99,128,0,0,97,139,0,0,50,147,0,0,217,173,0,0,123,190,0,0,80,195,0,0,80,195,0,0,40,50,0,0,82,68,0,0,64,90,0,0,125,110,0,0,214,111,0,0,255,130,0,0,143,146,0,0,97,155,0,0,80,195,0,0,72,191,0,0,186,26,0,0,139,31,0,0,19,38,0,0,205,61,0,0,32,58,0,0,38,74,0,0,180,93,0,0,232,83,0,0,80,195,0,0,80,195,0,0,135,51,0,0,89,63,0,0,176,80,0,0,29,117,0,0,247,113,0,0,80,137,0,0,113,172,0,0,220,158,0,0,80,195,0,0,80,195,0,0,221,16,0,0,232,17,0,0,134,24,0,0,246,28,0,0,204,31,0,0,216,38,0,0,168,42,0,0,225,48,0,0,80,195,0,0,20,168,0,0,168,87,216,65,226,200,225,65,172,113,220,65,50,146,225,65,183,208,222,65,90,206,225,65,134,117,117,66,245,221,96,66,12,214,111,66,182,48,106,66,18,123,105,66,148,107,104,66,25,0,0,0
159,147,1,0,7,0,0,0,65,2,0,0,16,249,254,60,76,108,53,62,12,89,24,65,153,174,74,64,91,242,45,192,212,130,213,62,0,128,211,65,130,23,0,0,18,27,0,0,17,37,0,0,206,50,0,0,84,50,0,0,245,63,0,0,228,78,0,0,190,75,0,0,80,195,0,0,126,173,0,0,102,57,0,0,135,80,0,0,43,106,0,0,24,128,0,0,115,140,0,0,204,147,0,0,14,174,0,0,165,191,0,0,80,195,0,0,80,195,0,0,133,52,0,0,26,72,0,0,206,95,0,0,135,117,0,0,129,118,0,0,224,138,0,0,78,156,0,0,121,164,0,0,80,195,0,0,80,195,0,0,162,26,0,0,141,31,0,0,37,38,0,0,136,61,0,0,56,58,0,0,254,73,0,0,99,93,0,0,88,84,0,0,80,195,0,0,80,195,0,0,199,51,0,0,121,63,0,0,215,80,0,0,245,116,0,0,141,114,0,0,108,137,0,0,154,171,0,0,60,159,0,0,80,195,0,0,80,195,0,0,251,16,0,0,16,18,0,0,182,24,0,0,61,29,0,0,28,32,0,0,64,39,0,0,38,43,0,0,127,49,0,0,80,195,0,0,121,170,0,0,82,154,217,65,106,114,226,65,77,98,221,65,50,65,226,65,25,156,224,65,131,185,226,65,188,197,116,66,24,91,96,66,164,16,112,66,160,46,107,66,242,38,106,66,18,123,105,66,25,0,0,0
176,186,1,0,8,0,0,0,65,2,0,0,16,249,254,60,76,108,53,62,12,89,24,65,129,58,163,64,105,120,223,191,28,74,2,63,0,128,211,65,70,23,0,0,33,27,0,0,231,36,0,0,77,50,0,0,87,50,0,0,83,63,0,0,36,78,0,0,252,75,0,0,80,195,0,0,173,174,0,0,148,57,0,0,229,80,0,0,245,106,0,0,137,128,0,0,5,141,0,0,232,147,0,0,178,173,0,0,12,193,0,0,80,195,0,0,80,195,0,0,89,50,0,0,79,69,0,0,87,91,0,0,254,112,0,0,185,112,0,0,168,132,0,0,46,150,0,0,237,158,0,0,80,195,0,0,155,193,0,0,107,26,0,0,93,31,0,0,241,37,0,0,214,60,0,0,240,57,0,0,57,73,0,0,154,92,0,0,180,83,0,0,80,195,0,0,80,195,0,0,216,51,0,0,126,63,0,0,217,80,0,0,196,116,0,0,241,114,0,0,155,137,0,0,135,170,0,0,239,158,0,0,80,195,0,0,80,195,0,0,243,16,0,0,22,18,0,0,181,24,0,0,68,29,0,0,34,32,0,0,76,39,0,0,65,43,0,0,158,49,0,0,80,195,0,0,151,171,0,0,170,100,218,65,179,71,227,65,30,50,222,65,42,239,225,65,105,20,225,65,227,38,227,65,56,214,124,66,120,201,103,66,164,136,120,66,248,193,115,66,142,133,114,66,144,61,112,66,25,0,0,0
193,225,1,0,9,0,0,0,70,2,0,0,16,249,254,60,76,108,53,62,12,89,24,65,146,190,172,64,21,205,130,191,84,55,15,64,0,128,211,65,15,23,0,0,13,27,0,0,192,36,0,0,140,49,0,0,13,50,0,0,63,62,0,0,190,76,0,0,154,75,0,0,80,195,0,0,179,173,0,0,50,56,0,0,179,78,0,0,69,104,0,0,96,124,0,0,14,138,0,0,6,144,0,0,233,168,0,0,134,189,0,0,80,195,0,0,80,195,0,0,7,50,0,0,194,69,0,0,64,91,0,0,64,113,0,0,151,112,0,0,31,132,0,0,215,150,0,0,166,159,0,0,80,195,0,0,83,192,0,0,14,26,0,0,10,31,0,0,150,37,0,0,3,60,0,0,101,57,0,0,43,72,0,0,135,91,0,0,196,82,0,0,80,195,0,0,80,195,0,0,152,51,0,0,74,63,0,0,165,80,0,0,233,115,0,0,174,114,0,0,182,136,0,0,230,168,0,0,200,157,0,0,80,195,0,0,80,195,0,0,198,16,0,0,253,17,0,0,133,24,0,0,27,29,0,0,247,31,0,0,9,39,0,0,14,43,0,0,95,49,0,0,80,195,0,0,243,170,0,0,147,204,218,65,196,235,227,65,199,197,222,65,106,195,225,65,137,254,224,65,155,0,227,65,186,150,117,66,118,153,97,66,120,65,112,66,180,1,107,66,84,201,104,66,188,142,104,66,25,0,0,0
210,8,2,0,10,0,0,0,65,2,0,0,16,249,254,60,76,108,53,62,12,89,24,65,95,12,104,64,40,151,165,191,75,245,69,64,0,128,211,65,93,22,0,0,106,26,0,0,206,35,0,0,229,47,0,0,212,48,0,0,14,60,0,0,8,74,0,0,197,73,0,0,80,195,0,0,236,170,0,0,113,62,0,0,75,90,0,0,49,118,0,0,215,140,0,0,126,154,0,0,223,161,0,0,187,188,0,0,80,195,0,0,80,195,0,0,80,195,0,0,76,46,0,0,106,61,0,0,192,81,0,0,183,98,0,0,127,94,0,0,168,110,0,0,99,127,0,0,122,138,0,0,80,195,0,0,183,180,0,0,159,25,0,0,155,30,0,0,26,37,0,0,220,58,0,0,147,56,0,0,182,70,0,0,244,89,0,0,113,81,0,0,80,195,0,0,80,195,0,0,5,51,0,0,224,62,0,0,63,80,0,0,109,114,0,0,14,114,0,0,202,134,0,0,8,167,0,0,216,155,0,0,80,195,0,0,80,195,0,0,105,16,0,0,155,17,0,0,250,23,0,0,118,28,0,0,47,31,0,0,15,38,0,0,5,42,0,0,40,48,0,0,80,195,0,0,174,167,0,0,59,96,219,65,52,78,228,65,231,94,223,65,59,147,226,65,2,98,226,65,20,100,228,65,170,51,113,66,20,181,95,66,210,151,109,66,244,151,108,66,138,228,105,66,58,158,105,66,25,0,0,0
227,47,2,0,11,0,0,0,66,2,0,0,16,249,254,60,76,108,53,62,12,89,24,65,198,167,42,64,241,134,71,191,57,62,0,64,0,0,212,65,47,21,0,0,27,25,0,0,212,33,0,0,57,45,0,0,234,45,0,0,49,56,0,0,223,68,0,0,2,69,0,0,80,195,0,0,244,162,0,0,6,57,0,0,231,81,0,0,185,105,0,0,50,124,0,0,248,134,0,0,10,149,0,0,26,158,0,0,214,193,0,0,80,195,0,0,80,195,0,0,196,19,0,0,135,23,0,0,80,33,0,0,224,38,0,0,244,44,0,0,218,49,0,0,95,61,0,0,49,63,0,0,80,195,0,0,15,155,0,0,166,24,0,0,142,29,0,0,204,35,0,0,165,56,0,0,199,54,0,0,217,67,0,0,212,86,0,0,67,78,0,0,80,195,0,0,80,195,0,0,211,49,0,0,191,61,0,0,252,78,0,0,70,112,0,0,29,112,0,0,208,131,0,0,17,164,0,0,139,152,0,0,80,195,0,0,80,195,0,0,219,15,0,0,247,16,0,0,22,23,0,0,101,27,0,0,15,30,0,0,186,36,0,0,122,40,0,0,105,46,0,0,80,195,0,0,133,162,0,0,116,64,220,65,173,2,229,65,8,248,223,65,67,229,226,65,220,131,227,65,52,78,228,65,162,149,125,66,167,8,99,66,36,14,116,66,64,182,115,66,132,69,111,66,86,59,114,66,25,0,0,0
244,86,2,0,12,0,0,0,67,2,0,0,16,249,254,60,76,108,53,62,12,89,24,65,175,192,219,63,120,211,206,190,191,30,180,63,0,128,212,65,230,20,0,0,237,24,0,0,165,33,0,0,132,44,0,0,223,45,0,0,122,55,0,0,9,68,0,0,181,68,0,0,80,195,0,0,120,160,0,0,30,58,0,0,23,84,0,0,67,108,0,0,115,128,0,0,86,138,0,0,170,152,0,0,79,163,0,0,80,195,0,0,80,195,0,0,80,195,0,0,46,23,0,0,214,27,0,0,168,39,0,0,4,46,0,0,238,50,0,0,90,57,0,0,73,68,0,0,163,71,0,0,80,195,0,0,50,158,0,0,3,24,0,0,254,28,0,0,63,35,0,0,77,55,0,0,226,53,0,0,244,65,0,0,252,84,0,0,122,76,0,0,80,195,0,0,80,195,0,0,65,49,0,0,18,61,0,0,89,78,0,0,172,110,0,0,240,110,0,0,246,129,0,0,36,162,0,0,165,150,0,0,80,195,0,0,80,195,0,0,138,15,0,0,159,16,0,0,162,22,0,0,214,26,0,0,96,29,0,0,229,35,0,0,135,39,0,0,77,45,0,0,80,195,0,0,55,158,0,0,52,108,220,65,165,95,229,65,32,63,224,65,179,71,227,65,172,83,228,65,213,143,228,65,244,206,120,66,59,222,94,66,124,112,111,66,94,207,117,66,82,83,110,66,212,3,120,66,25,0,0,0
5,126,2,0,13,0,0,0,63,2,0,0,16,249,254,60,76,108,53,62,12,89,24,65,143,155,201,63,29,128,167,63,27,133,184,63,0,128,212,65,83,21,0,0,148,25,0,0,125,34,0,0,23,45,0,0,166,46,0,0,205,55,0,0,98,68,0,0,213,69,0,0,80,195,0,0,239,158,0,0,59,59,0,0,132,86,0,0,98,111,0,0,160,132,0,0,99,144,0,0,200,155,0,0,169,171,0,0,80,195,0,0,80,195,0,0,80,195,0,0,127,28,0,0,172,35,0,0,12,48,0,0,166,56,0,0,99,57,0,0,230,65,0,0,144,75,0,0,132,84,0,0,80,195,0,0,28,161,0,0,118,23,0,0,160,28,0,0,214,34,0,0,86,54,0,0,98,53,0,0,118,64,0,0,213,83,0,0,81,75,0,0,80,195,0,0,80,195,0,0,212,48,0,0,115,60,0,0,222,77,0,0,127,109,0,0,211,109,0,0,138,128,0,0,75,160,0,0,42,149,0,0,80,195,0,0,80,195,0,0,62,15,0,0,79,16,0,0,59,22,0,0,85,26,0,0,213,28,0,0,47,35,0,0,186,38,0,0,83,44,0,0,80,195,0,0,201,153,0,0,149,217,220,65,62,254,229,65,129,172,224,65,171,245,226,65,108,208,227,65,188,72,228,65,236,250,127,66,164,146,104,66,4,187,123,66,224,7,119,66,124,237,111,66,0,26,115,66,25,0,0,0
21,165,2,0,14,0,0,0,64,2,0,0,16,249,254,60,76,108,53,62,12,89,24,65,243,164,126,63,148,42,128,64,49,15,148,63,0,128,212,65,45,20,0,0,65,24,0,0,190,32,0,0,200,42,0,0,158,44,0,0,7,53,0,0,217,64,0,0,65,66,0,0,80,195,0,0,246,152,0,0,62,56,0,0,93,81,0,0,200,104,0,0,89,124,0,0,126,134,0,0,220,146,0,0,226,157,0,0,102,191,0,0,80,195,0,0,152,193,0,0,161,24,0,0,50,29,0,0,6,41,0,0,68,48,0,0,48,52,0,0,219,60,0,0,146,69,0,0,234,74,0,0,80,195,0,0,210,155,0,0,255,22,0,0,76,28,0,0,113,34,0,0,180,53,0,0,237,52,0,0,80,63,0,0,27,83,0,0,76,74,0,0,80,195,0,0,80,195,0,0,121,48,0,0,189,59,0,0,39,77,0,0,89,108,0,0,52,108,0,0,253,126,0,0,19,158,0,0,79,147,0,0,80,195,0,0,80,195,0,0,220,14,0,0,218,15,0,0,164,21,0,0,151,25,0,0,247,27,0,0,43,34,0,0,130,37,0,0,232,42,0,0,105,193,0,0,115,148,0,0,134,147,221,65,183,178,230,65,201,129,225,65,131,104,227,65,157,13,229,65,85,231,228,65,75,70,131,66,172,104,111,66,47,3,129,66,228,92,130,66,178,188,125,66,78,87,128,66,25,0,0,0
38,204,2,0,15,0,0,0,68,2,0,0,16,249,254,60,76,108,53,62,12,89,24,65,175,6,245,62,200,224,184,64,184,223,83,63,0,128,212,65,242,19,0,0,7,24,0,0,123,32,0,0,66,42,0,0,88,44,0,0,90,52,0,0,234,63,0,0,115,65,0,0,80,195,0,0,57,150,0,0,141,59,0,0,218,86,0,0,179,113,0,0,108,133,0,0,165,147,0,0,194,152,0,0,25,176,0,0,80,195,0,0,80,195,0,0,80,195,0,0,88,38,0,0,186,52,0,0,48,69,0,0,240,81,0,0,137,95,0,0,74,105,0,0,131,122,0,0,229,132,0,0,80,195,0,0,23,174,0,0,249,22,0,0,109,28,0,0,151,34,0,0,41,54,0,0,89,53,0,0,130,63,0,0,7,84,0,0,114,74,0,0,80,195,0,0,80,195,0,0,202,48,0,0,200,59,0,0,87,77,0,0,164,108,0,0,113,107,0,0,107,127,0,0,64,157,0,0,165,147,0,0,80,195,0,0,80,195,0,0,190,14,0,0,192,15,0,0,139,21,0,0,116,25,0,0,210,27,0,0,237,33,0,0,60,37,0,0,128,42,0,0,98,191,0,0,160,145,0,0,142,229,221,65,31,195,230,65,50,146,225,65,131,104,227,65,77,68,229,65,205,236,228,65,224,127,127,66,28,252,104,66,180,175,120,66,250,241,121,66,212,199,115,66,170,236,117,66,25,0,0,0
55,243,2,0,16,0,0,0,65,2,0,0,16,249,254,60,76,108,53,62,12,89,24,65,32,127,19,64,39,192,173,64,53,242,20,64,0,0,213,65,95,19,0,0,181,23,0,0,121,31,0,0,145,41,0,0,9,43,0,0,24,51,0,0,30,62,0,0,240,63,0,0,80,195,0,0,2,148,0,0,185,60,0,0,113,88,0,0,254,115,0,0,238,135,0,0,15,151,0,0,56,156,0,0,209,179,0,0,80,195,0,0,80,195,0,0,80,195,0,0,127,44,0,0,128,62,0,0,233,81,0,0,33,94,0,0,140,101,0,0,96,109,0,0,153,127,0,0,105,137,0,0,80,195,0,0,12,175,0,0,207,22,0,0,82,28,0,0,96,34,0,0,58,54,0,0,30,53,0,0,40,63,0,0,132,84,0,0,5,74,0,0,80,195,0,0,80,195,0,0,250,48,0,0,138,59,0,0,113,77,0,0,131,108,0,0,119,107,0,0,197,127,0,0,149,157,0,0,201,147,0,0,80,195,0,0,80,195,0,0,122,14,0,0,114,15,0,0,29,21,0,0,243,24,0,0,58,27,0,0,68,33,0,0,115,36,0,0,145,41,0,0,87,188,0,0,255,143,0,0,86,99,222,65,47,184,230,65,162,244,225,65,68,148,227,65,197,73,229,65,53,253,228,65,110,121,117,66,112,118,96,66,28,253,111,66,238,57,110,66,68,37,104,66,64,62,107,66,25,0,0,0
72,26,3,0,17,0,0,0,64,2,0,0,16,249,254,60,76,108,53,62,12,89,24,65,83,195,193,63,147,103,112,64,21,151,84,64,0,0,213,65,95,19,0,0,131,23,0,0,86,31,0,0,62,41,0,0,183,42,0,0,205,50,0,0,92,61,0,0,82,63,0,0,80,195,0,0,208,146,0,0,115,60,0,0,3,88,0,0,70,115,0,0,28,135,0,0,11,150,0,0,93,155,0,0,77,178,0,0,80,195,0,0,80,195,0,0,80,195,0,0,86,43,0,0,29,61,0,0,197,79,0,0,226,91,0,0,218,98,0,0,76,106,0,0,220,123,0,0,132,134,0,0,80,195,0,0,34,176,0,0,175,22,0,0,70,28,0,0,49,34,0,0,122,54,0,0,33,53,0,0,8,63,0,0,39,85,0,0,155,73,0,0,80,195,0,0,80,195,0,0,209,45,0,0,233,53,0,0,87,71,0,0,239,100,0,0,205,90,0,0,136,109,0,0,76,136,0,0,182,120,0,0,80,195,0,0,80,195,0,0,47,14,0,0,35,15,0,0,170,20,0,0,111,24,0,0,175,26,0,0,153,32,0,0,181,35,0,0,180,40,0,0,119,184,0,0,95,140,0,0,215,186,222,65,159,26,231,65,131,185,226,65,92,219,227,65,38,183,229,65,29,101,229,65,130,76,117,66,25,216,96,66,164,141,112,66,176,139,112,66,22,158,106,66,50,255,110,66,25,0,0,0
89,65,3,0,18,0,0,0,66,2,0,0,16,249,254,60,76,108,53,62,12,89,24,65,43,37,45,192,209,186,43,64,210,100,30,63,0,128,213,65,88,19,0,0,109,23,0,0,68,31,0,0,24,41,0,0,125,42,0,0,170,50,0,0,3,61,0,0,21,63,0,0,80,195,0,0,177,145,0,0,161,60,0,0,46,88,0,0,130,115,0,0,66,135,0,0,227,149,0,0,41,155,0,0,255,177,0,0,80,195,0,0,80,195,0,0,80,195,0,0,244,42,0,0,171,60,0,0,84,79,0,0,57,91,0,0,47,98,0,0,88,105,0,0,24,123,0,0,140,133,0,0,80,195,0,0,9,176,0,0,184,22,0,0,84,28,0,0,46,34,0,0,241,54,0,0,90,53,0,0,113,63,0,0,32,86,0,0,169,73,0,0,80,195,0,0,80,195,0,0,105,49,0,0,30,59,0,0,14,78,0,0,125,108,0,0,38,106,0,0,82,128,0,0,54,156,0,0,89,147,0,0,80,195,0,0,80,195,0,0,43,14,0,0,45,15,0,0,176,20,0,0,128,24,0,0,191,26,0,0,149,32,0,0,199,35,0,0,199,40,0,0,166,184,0,0,52,140,0,0,23,62,223,65,144,212,231,65,107,33,227,65,52,159,227,65,253,122,229,65,93,57,229,65,247,53,129,66,86,255,109,66,142,63,126,66,200,25,128,66,38,68,121,66,224,67,123,66,25,0,0,0
106,104,3,0,19,0,0,0,64,2,0,0,16,249,254,60,76,108,53,62,12,89,24,65,47,82,68,192,6,246,203,62,227,159,37,191,0,128,213,65,149,18,0,0,28,22,0,0,103,29,0,0,211,38,0,0,13,40,0,0,43,48,0,0,199,58,0,0,243,61,0,0,80,195,0,0,119,146,0,0,189,60,0,0,100,88,0,0,191,115,0,0,182,135,0,0,143,150,0,0,30,156,0,0,191,178,0,0,80,195,0,0,80,195,0,0,80,195,0,0,77,40,0,0,72,56,0,0,60,73,0,0,114,83,0,0,124,88,0,0,242,96,0,0,103,112,0,0,11,126,0,0,80,195,0,0,155,176,0,0,215,22,0,0,140,28,0,0,105,34,0,0,148,55,0,0,203,53,0,0,15,64,0,0,41,87,0,0,37,74,0,0,80,195,0,0,80,195,0,0,231,49,0,0,31,59,0,0,152,78,0,0,191,108,0,0,218,105,0,0,20,129,0,0,247,155,0,0,189,147,0,0,80,195,0,0,80,195,0,0,59,14,0,0,84,15,0,0,213,20,0,0,190,24,0,0,9,27,0,0,207,32,0,0,36,36,0,0,54,41,0,0,47,186,0,0,29,141,0,0,56,215,223,65,120,60,232,65,68,148,227,65,11,99,227,65,214,237,229,65,237,214,228,65,186,210,121,66,71,215,102,66,194,107,117,66,36,9,124,66,38,2,118,66,0,146,123,66,25,0,0,0
123,143,3,0,20,0,0,0,64,2,0,0,16,249,254,60,76,108,53,62,12,89,24,65,60,135,249,190,104,167,39,192,253,222,205,190,0,0,214,65,141,18,0,0,28,22,0,0,111,29,0,0,223,38,0,0,252,39,0,0,84,48,0,0,234,58,0,0,43,62,0,0,80,195,0,0,203,146,0,0,51,61,0,0,234,88,0,0,147,116,0,0,156,136,0,0,150,151,0,0,104,157,0,0,11,180,0,0,80,195,0,0,80,195,0,0,80,195,0,0,4,41,0,0,94,57,0,0,240,74,0,0,178,84,0,0,105,90,0,0,147,98,0,0,95,114,0,0,48,128,0,0,80,195,0,0,153,178,0,0,10,23,0,0,224,28,0,0,193,34,0,0,152,56,0,0,131,54,0,0,27,65,0,0,180,88,0,0,6,75,0,0,80,195,0,0,80,195,0,0,127,50,0,0,52,59,0,0,27,79,0,0,68,109,0,0,183,105,0,0,51,130,0,0,151,155,0,0,32,148,0,0,80,195,0,0,80,195,0,0,74,14,0,0,118,15,0,0,243,20,0,0,247,24,0,0,77,27,0,0,7,33,0,0,129,36,0,0,157,41,0,0,153,187,0,0,10,142,0,0,216,24,224,65,33,208,232,65,252,28,228,65,84,137,227,65,118,47,230,65,45,171,228,65,214,56,118,66,231,170,98,66,96,4,116,66,36,205,119,66,152,18,112,66,144,62,119,66,25,0,0,0
140,182,3,0,21,0,0,0,68,2,0,0,16,249,254,60,76,108,53,62,12,89,24,65,31,7,201,63,60,154,214,191,145,142,190,191,0,0,214,65,15,16,0,0,148,19,0,0,175,26,0,0,138,34,0,0,166,36,0,0,118,44,0,0,18,58,0,0,112,63,0,0,80,195,0,0,31,143,0,0,172,61,0,0,120,89,0,0,70,117,0,0,152,137,0,0,76,152,0,0,148,158,0,0,54,181,0,0,80,195,0,0,80,195,0,0,80,195,0,0,123,41,0,0,120,58,0,0,119,76,0,0,43,87,0,0,22,92,0,0,162,100,0,0,216,115,0,0,12,129,0,0,80,195,0,0,47,166,0,0,28,19,0,0,65,24,0,0,7,29,0,0,174,47,0,0,110,41,0,0,167,46,0,0,30,55,0,0,205,62,0,0,80,195,0,0,231,126,0,0,246,54,0,0,80,69,0,0,166,94,0,0,172,106,0,0,173,164,0,0,210,163,0,0,202,194,0,0,80,195,0,0,80,195,0,0,80,195,0,0,182,15,0,0,143,18,0,0,137,26,0,0,132,30,0,0,211,31,0,0,172,41,0,0,44,58,0,0,181,74,0,0,80,195,0,0,82,158,0,0,177,139,224,65,17,219,232,65,213,143,228,65,124,197,227,65,150,25,230,65,53,253,228,65,4,192,115,66,167,73,95,66,162,153,110,66,74,132,109,66,239,187,102,66,238,188,109,66,25,0,0,0
157,221,3,0,22,0,0,0,65,2,0,0,16,249,254,60,76,108,53,62,12,89,24,65,103,144,205,63,53,231,177,62,205,129,29,192,0,128,214,65,126,18,0,0,170,22,0,0,212,29,0,0,26,39,0,0,157,40,0,0,212,48,0,0,37,60,0,0,156,62,0,0,80,195,0,0,208,150,0,0,219,60,0,0,139,94,0,0,105,119,0,0,193,144,0,0,71,162,0,0,193,166,0,0,79,195,0,0,80,195,0,0,80,195,0,0,80,195,0,0,190,46,0,0,162,64,0,0,132,85,0,0,226,94,0,0,223,101,0,0,227,111,0,0,157,125,0,0,118,138,0,0,80,195,0,0,80,195,0,0,245,18,0,0,17,25,0,0,92,28,0,0,77,50,0,0,6,48,0,0,253,55,0,0,189,78,0,0,110,61,0,0,80,195,0,0,80,195,0,0,212,48,0,0,12,55,0,0,143,74,0,0,53,105,0,0,60,99,0,0,201,120,0,0,187,149,0,0,235,134,0,0,80,195,0,0,80,195,0,0,226,15,0,0,188,15,0,0,26,22,0,0,254,25,0,0,96,27,0,0,209,34,0,0,89,36,0,0,102,42,0,0,225,184,0,0,22,149,0,0,209,36,225,65,1,230,232,65,77,68,229,65,12,18,228,65,238,52,230,65,29,182,228,65,242,33,114,66,181,124,93,66,224,71,108,66,242,223,110,66,144,66,104,66,250,186,109,66,25,0,0,0
174,4,4,0,23,0,0,0,66,2,0,0,16,249,254,60,76,108,53,62,12,89,24,65,85,109,52,64,156,41,245,190,77,46,212,191,0,128,214,65,105,15,0,0,198,18,0,0,153,25,0,0,65,31,0,0,92,34,0,0,253,40,0,0,125,52,0,0,120,59,0,0,80,195,0,0,48,143,0,0,56,61,0,0,8,95,0,0,37,120,0,0,197,145,0,0,253,162,0,0,26,168,0,0,80,195,0,0,80,195,0,0,80,195,0,0,80,195,0,0,241,47,0,0,150,66,0,0,55,88,0,0,83,99,0,0,59,106,0,0,231,115,0,0,63,131,0,0,186,141,0,0,80,195,0,0,80,195,0,0,102,19,0,0,159,25,0,0,228,28,0,0,92,51,0,0,39,49,0,0,56,57,0,0,91,80,0,0,249,62,0,0,80,195,0,0,80,195,0,0,9,50,0,0,136,55,0,0,125,75,0,0,23,107,0,0,9,100,0,0,145,123,0,0,65,151,0,0,141,136,0,0,80,195,0,0,80,195,0,0,194,15,0,0,143,15,0,0,225,21,0,0,213,25,0,0,40,27,0,0,199,34,0,0,63,36,0,0,85,42,0,0,56,186,0,0,152,150,0,0,217,118,225,65,81,94,233,65,142,199,229,65,44,252,227,65,246,215,229,65,12,18,228,65,22,34,113,66,103,173,94,66,160,40,108,66,44,42,111,66,106,150,105,66,42,48,110,66,25,0,0,0
191,43,4,0,24,0,0,0,68,2,0,0,16,249,254,60,76,108,53,62,12,89,24,65,202,220,187,63,180,50,129,190,63,25,126,191,0,0,215,65,230,17,0,0,224,21,0,0,60,29,0,0,196,37,0,0,157,39,0,0,72,48,0,0,47,61,0,0,208,63,0,0,80,195,0,0,54,153,0,0,151,61,0,0,125,95,0,0,237,120,0,0,208,146,0,0,42,163,0,0,210,168,0,0,80,195,0,0,80,195,0,0,80,195,0,0,80,195,0,0,227,47,0,0,108,66,0,0,173,87,0,0,71,98,0,0,81,105,0,0,174,115,0,0,226,129,0,0,202,141,0,0,80,195,0,0,80,195,0,0,215,19,0,0,65,26,0,0,139,29,0,0,100,52,0,0,137,50,0,0,125,58,0,0,253,81,0,0,168,64,0,0,80,195,0,0,80,195,0,0,28,51,0,0,232,55,0,0,82,76,0,0,134,108,0,0,183,100,0,0,223,125,0,0,86,152,0,0,237,137,0,0,80,195,0,0,80,195,0,0,86,16,0,0,50,16,0,0,198,22,0,0,224,26,0,0,70,28,0,0,20,36,0,0,176,37,0,0,226,43,0,0,93,190,0,0,76,153,0,0,210,211,225,65,81,94,233,65,254,41,230,65,172,83,228,65,222,144,229,65,204,61,228,65,242,104,109,66,85,146,92,66,56,39,104,66,94,87,109,66,220,220,104,66,144,126,108,66,25,0,0,0
208,82,4,0,25,0,0,0,63,2,0,0,16,249,254,60,76,108,53,62,12,89,24,65,102,1,178,63,214,9,0,191,25,192,110,191,0,0,215,65,253,17,0,0,245,21,0,0,95,29,0,0,213,37,0,0,193,39,0,0,103,48,0,0,68,61,0,0,4,64,0,0,80,195,0,0,101,153,0,0,244,61,0,0,239,95,0,0,179,121,0,0,211,147,0,0,217,163,0,0,38,170,0,0,80,195,0,0,80,195,0,0,80,195,0,0,80,195,0,0,29,48,0,0,185,66,0,0,35,88,0,0,180,98,0,0,228,105,0,0,110,116,0,0,127,130,0,0,195,142,0,0,80,195,0,0,80,195,0,0,11,20,0,0,164,26,0,0,239,29,0,0,231,52,0,0,135,51,0,0,10,59,0,0,236,82,0,0,131,65,0,0,80,195,0,0,80,195,0,0,18,52,0,0,99,56,0,0,39,77,0,0,174,109,0,0,105,101,0,0,218,127,0,0,67,153,0,0,47,139,0,0,80,195,0,0,80,195,0,0,122,16,0,0,84,16,0,0,249,22,0,0,32,27,0,0,138,28,0,0,118,36,0,0,9,38,0,0,68,44,0,0,159,191,0,0,19,154,0,0,18,87,226,65,74,187,233,65,63,173,230,65,20,181,227,65,197,73,229,65,11,99,227,65,148,168,115,66,183,178,98,66,248,133,111,66,26,254,118,66,174,217,113,66,222,144,117,66,25,0,0,0
225,121,4,0,26,0,0,0,65,2,0,0,16,249,254,60,76,108,53,62,12,89,24,65,17,13,74,191,46,249,205,63,74,102,170,190,0,128,215,65,13,18,0,0,7,22,0,0,124,29,0,0,218,37,0,0,229,39,0,0,103,48,0,0,80,61,0,0,78,64,0,0,80,195,0,0,209,153,0,0,154,62,0,0,2,97,0,0,1,123,0,0,191,149,0,0,97,165,0,0,139,172,0,0,80,195,0,0,80,195,0,0,80,195,0,0,80,195,0,0,197,48,0,0,241,67,0,0,179,89,0,0,139,100,0,0,224,107,0,0,189,118,0,0,231,132,0,0,192,145,0,0,80,195,0,0,80,195,0,0,70,20,0,0,9,27,0,0,95,30,0,0,178,53,0,0,142,52,0,0,210,59,0,0,92,84,0,0,100,66,0,0,80,195,0,0,80,195,0,0,250,52,0,0,238,56,0,0,244,77,0,0,233,110,0,0,27,102,0,0,222,129,0,0,93,154,0,0,142,140,0,0,80,195,0,0,80,195,0,0,163,16,0,0,120,16,0,0,50,23,0,0,107,27,0,0,208,28,0,0,240,36,0,0,103,38,0,0,179,44,0,0,29,193,0,0,6,155,0,0,115,196,226,65,10,231,233,65,23,32,231,65,12,18,228,65,30,20,230,65,220,131,227,65,154,202,109,66,5,201,92,66,60,205,104,66,236,135,111,66,214,7,105,66,144,192,111,66,25,0,0,0
242,160,4,0,27,0,0,0,60,2,0,0,16,249,254,60,76,108,53,62,12,89,24,65,69,216,34,192,40,89,125,64,155,111,151,190,0,128,215,65,27,18,0,0,31,22,0,0,165,29,0,0,238,37,0,0,31,40,0,0,122,48,0,0,161,61,0,0,183,64,0,0,80,195,0,0,231,154,0,0,245,62,0,0,65,97,0,0,137,123,0,0,172,150,0,0,25,166,0,0,184,173,0,0,80,195,0,0,80,195,0,0,80,195,0,0,80,195,0,0,197,48,0,0,165,67,0,0,73,89,0,0,251,99,0,0,83,107,0,0,7,118,0,0,81,132,0,0,42,145,0,0,80,195,0,0,80,195,0,0,114,20,0,0,80,27,0,0,164,30,0,0,145,54,0,0,103,53,0,0,126,60,0,0,5,86,0,0,241,66,0,0,80,195,0,0,80,195,0,0,213,53,0,0,83,57,0,0,166,78,0,0,236,111,0,0,188,102,0,0,171,131,0,0,101,155,0,0,158,141,0,0,80,195,0,0,80,195,0,0,229,16,0,0,158,16,0,0,133,23,0,0,206,27,0,0,22,29,0,0,154,37,0,0,199,38,0,0,77,45,0,0,169,194,0,0,90,156,0,0,27,88,227,65,50,35,234,65,224,157,231,65,253,203,228,65,223,238,230,65,165,176,228,65,168,128,107,66,75,201,90,66,138,37,102,66,152,83,108,66,250,60,102,66,166,75,109,66,25,0,0,0
3,200,4,0,28,0,0,0,66,2,0,0,16,249,254,60,76,108,53,62,12,89,24,65,17,172,89,192,153,15,187,64,42,146,20,191,0,0,216,65,35,18,0,0,44,22,0,0,195,29,0,0,5,38,0,0,56,40,0,0,114,48,0,0,232,61,0,0,246,64,0,0,80,195,0,0,170,155,0,0,127,63,0,0,214,97,0,0,117,124,0,0,48,152,0,0,112,167,0,0,182,175,0,0,80,195,0,0,80,195,0,0,80,195,0,0,80,195,0,0,238,48,0,0,243,67,0,0,156,89,0,0,106,100,0,0,167,107,0,0,106,118,0,0,222,132,0,0,238,145,0,0,80,195,0,0,80,195,0,0,187,20,0,0,209,27,0,0,23,31,0,0,212,55,0,0,131,54,0,0,160,61,0,0,26,88,0,0,226,67,0,0,80,195,0,0,80,195,0,0,185,54,0,0,203,57,0,0,87,79,0,0,245,112,0,0,76,103,0,0,72,133,0,0,92,156,0,0,160,142,0,0,80,195,0,0,80,195,0,0,34,17,0,0,189,16,0,0,208,23,0,0,49,28,0,0,81,29,0,0,63,38,0,0,16,39,0,0,231,45,0,0,80,195,0,0,79,157,0,0,4,192,227,65,122,73,234,65,224,157,231,65,93,57,229,65,79,81,231,65,229,51,229,65,95,80,103,66,78,57,86,66,250,0,98,66,50,10,102,66,84,81,96,66,166,205,101,66,25,0,0,0
20,239,4,0,29,0,0,0,65,2,0,0,16,249,254,60,76,108,53,62,12,89,24,65,100,252,142,192,154,100,180,64,29,179,227,190,0,128,216,65,140,18,0,0,118,22,0,0,106,30,0,0,145,38,0,0,238,40,0,0,55,49,0,0,247,62,0,0,10,66,0,0,80,195,0,0,252,156,0,0,17,64,0,0,145,98,0,0,90,125,0,0,159,153,0,0,176,168,0,0,90,177,0,0,80,195,0,0,80,195,0,0,80,195,0,0,80,195,0,0,157,49,0,0,247,68,0,0,194,90,0,0,221,101,0,0,51,109,0,0,69,120,0,0,243,134,0,0,164,148,0,0,80,195,0,0,80,195,0,0,235,20,0,0,49,28,0,0,89,31,0,0,5,57,0,0,118,55,0,0,165,62,0,0,12,90,0,0,117,68,0,0,80,195,0,0,80,195,0,0,84,55,0,0,233,57,0,0,176,79,0,0,120,113,0,0,141,103,0,0,65,134,0,0,217,156,0,0,223,142,0,0,80,195,0,0,80,195,0,0,110,17,0,0,225,16,0,0,37,24,0,0,164,28,0,0,145,29,0,0,247,38,0,0,91,39,0,0,142,46,0,0,80,195,0,0,198,157,0,0,76,230,227,65,74,106,234,65,48,22,232,65,173,2,229,65,127,48,231,65,29,182,228,65,248,198,107,66,106,29,90,66,186,29,102,66,131,74,103,66,146,190,97,66,59,86,103,66,25,0,0,0
37,22,5,0,30,0,0,0,64,2,0,0,16,249,254,60,76,108,53,62,12,89,24,65,193,10,67,192,172,112,115,64,142,163,67,190,0,128,216,65,108,19,0,0,141,23,0,0,156,31,0,0,80,40,0,0,190,42,0,0,78,50,0,0,138,63,0,0,49,66,0,0,80,195,0,0,127,158,0,0,133,64,0,0,40,99,0,0,2,126,0,0,233,154,0,0,200,169,0,0,202,178,0,0,80,195,0,0,80,195,0,0,80,195,0,0,80,195,0,0,73,50,0,0,234,69,0,0,119,92,0,0,139,104,0,0,138,111,0,0,8,124,0,0,151,141,0,0,230,155,0,0,80,195,0,0,80,195,0,0,27,21,0,0,139,28,0,0,139,31,0,0,73,58,0,0,106,56,0,0,172,63,0,0,54,92,0,0,207,68,0,0,80,195,0,0,80,195,0,0,216,55,0,0,48,58,0,0,52,80,0,0,1,114,0,0,9,104,0,0,197,134,0,0,197,156,0,0,26,143,0,0,80,195,0,0,80,195,0,0,199,17,0,0,14,17,0,0,147,24,0,0,43,29,0,0,230,29,0,0,209,39,0,0,201,39,0,0,79,47,0,0,80,195,0,0,62,158,0,0,149,187,228,65,187,204,234,65,224,76,232,65,141,24,229,65,184,16,232,65,197,154,228,65,80,101,107,66,131,150,90,66,175,25,103,66,118,202,110,66,108,197,104,66,236,10,111,66,25,0,0,0
54,61,5,0,31,0,0,0,64,2,0,0,16,249,254,60,76,108,53,62,12,89,24,65,17,234,120,192,49,159,67,64,240,250,20,190,0,0,217,65,183,19,0,0,168,23,0,0,84,32,0,0,189,40,0,0,87,43,0,0,3,51,0,0,251,64,0,0,117,67,0,0,80,195,0,0,153,159,0,0,198,64,0,0,99,99,0,0,62,126,0,0,182,155,0,0,71,170,0,0,125,179,0,0,80,195,0,0,80,195,0,0,80,195,0,0,80,195,0,0,60,50,0,0,194,69,0,0,60,92,0,0,89,104,0,0,135,111,0,0,199,123,0,0,241,141,0,0,129,155,0,0,80,195,0,0,80,195,0,0,113,21,0,0,19,29,0,0,214,31,0,0,16,60,0,0,161,57,0,0,61,65,0,0,255,94,0,0,158,69,0,0,80,195,0,0,80,195,0,0,252,55,0,0,79,58,0,0,104,80,0,0,22,114,0,0,117,104,0,0,166,134,0,0,173,155,0,0,17,143,0,0,80,195,0,0,80,195,0,0,12,18,0,0,38,17,0,0,238,24,0,0,150,29,0,0,30,30,0,0,147,40,0,0,11,40,0,0,238,47,0,0,80,195,0,0,67,158,0,0,204,61,228,65,147,144,234,65,128,223,231,65,115,196,226,65,160,201,231,65,50,146,225,65,236,194,108,66,93,97,93,66,112,238,104,66,144,186,112,66,56,39,104,66,20,171,111,66,25,0,0,0
71,100,5,0,32,0,0,0,67,2,0,0,16,249,254,60,76,108,53,62,12,89,24,65,46,125,143,192,184,192,8,64,183,123,250,189,0,0,217,65,134,19,0,0,204,23,0,0,213,31,0,0,41,41,0,0,43,43,0,0,232,50,0,0,166,65,0,0,218,66,0,0,80,195,0,0,103,162,0,0,185,64,0,0,58,99,0,0,194,125,0,0,197,155,0,0,199,170,0,0,252,179,0,0,80,195,0,0,80,195,0,0,80,195,0,0,80,195,0,0,187,50,0,0,134,70,0,0,52,93,0,0,151,105,0,0,152,112,0,0,246,124,0,0,174,143,0,0,244,157,0,0,80,195,0,0,80,195,0,0,197,21,0,0,165,29,0,0,69,32,0,0,203,61,0,0,204,58,0,0,217,66,0,0,169,97,0,0,161,70,0,0,80,195,0,0,80,195,0,0,242,55,0,0,114,58,0,0,144,80,0,0,247,113,0,0,224,104,0,0,62,134,0,0,130,154,0,0,211,142,0,0,80,195,0,0,80,195,0,0,132,18,0,0,104,17,0,0,111,25,0,0,46,30,0,0,147,30,0,0,149,41,0,0,141,40,0,0,230,48,0,0,80,195,0,0,200,159,0,0,252,28,228,65,122,73,234,65,8,218,231,65,114,21,226,65,46,9,230,65,207,23,223,65,208,37,100,66,9,116,85,66,28,7,96,66,56,170,103,66,99,1,95,66,34,31,106,66,25,0,0,0
88,139,5,0,33,0,0,0,66,2,0,0,16,249,254,60,76,108,53,62,12,89,24,65,48,74,202,191,173,232,61,190,21,19,28,189,0,128,217,65,170,19,0,0,21,24,0,0,67,32,0,0,3,42,0,0,211,43,0,0,171,51,0,0,97,67,0,0,153,67,0,0,80,195,0,0,37,165,0,0,99,65,0,0,57,100,0,0,192,126,0,0,185,157,0,0,16,172,0,0,150,181,0,0,80,195,0,0,80,195,0,0,80,195,0,0,80,195,0,0,32,51,0,0,31,71,0,0,1,94,0,0,132,106,0,0,234,113,0,0,158,126,0,0,183,145,0,0,176,160,0,0,80,195,0,0,80,195,0,0,63,22,0,0,71,30,0,0,206,32,0,0,178,63,0,0,10,60,0,0,202,68,0,0,175,100,0,0,226,71,0,0,80,195,0,0,80,195,0,0,75,56,0,0,19,59,0,0,108,81,0,0,110,114,0,0,126,106,0,0,194,134,0,0,71,155,0,0,64,144,0,0,80,195,0,0,80,195,0,0,208,18,0,0,164,17,0,0,240,25,0,0,185,30,0,0,14,31,0,0,112,42,0,0,63,41,0,0,211,49,0,0,80,195,0,0,18,161,0,0,204,61,228,65,226,89,234,65,72,174,231,65,186,140,225,65,62,254,229,65,181,114,221,65,15,206,98,66,20,251,83,66,61,210,96,66,246,210,105,66,218,47,98,66,120,65,112,66,25,0,0,0
105,178,5,0,34,0,0,0,67,2,0,0,16,249,254,60,76,108,53,62,12,89,24,65,124,42,29,62,13,26,85,192,116,100,155,62,0,128,217,65,243,19,0,0,83,24,0,0,224,32,0,0,206,42,0,0,177,44,0,0,248,52,0,0,190,69,0,0,167,69,0,0,80,195,0,0,146,167,0,0,4,67,0,0,141,102,0,0,183,129,0,0,202,161,0,0,31,177,0,0,230,186,0,0,80,195,0,0,80,195,0,0,80,195,0,0,80,195,0,0,137,50,0,0,165,70,0,0,211,92,0,0,109,104,0,0,103,112,0,0,200,123,0,0,27,141,0,0,1,158,0,0,80,195,0,0,80,195,0,0,162,22,0,0,207,30,0,0,79,33,0,0,66,65,0,0,30,61,0,0,81,70,0,0,25,103,0,0,21,73,0,0,80,195,0,0,80,195,0,0,128,56,0,0,190,59,0,0,79,82,0,0,4,115,0,0,223,107,0,0,97,135,0,0,105,156,0,0,255,145,0,0,80,195,0,0,80,195,0,0,14,19,0,0,230,17,0,0,61,26,0,0,25,31,0,0,142,31,0,0,1,43,0,0,191,41,0,0,167,50,0,0,80,195,0,0,212,163,0,0,124,116,228,65,170,40,234,65,143,37,231,65,161,150,224,65,46,9,230,65,172,113,220,65,247,209,98,66,185,176,84,66,106,155,97,66,112,173,108,66,232,164,99,66,106,14,114,66,25,0,0,0
122,217,5,0,35,0,0,0,65,2,0,0,16,249,254,60,76,108,53,62,12,89,24,65,210,162,61,62,38,121,101,192,82,44,172,62,0,128,217,65,110,20,0,0,205,24,0,0,143,33,0,0,180,43,0,0,147,45,0,0,87,54,0,0,148,71,0,0,148,71,0,0,80,195,0,0,88,171,0,0,33,66,0,0,44,101,0,0,81,127,0,0,244,159,0,0,94,174,0,0,2,184,0,0,80,195,0,0,80,195,0,0,80,195,0,0,80,195,0,0,56,51,0,0,122,71,0,0,169,93,0,0,164,106,0,0,232,113,0,0,127,125,0,0,4,144,0,0,163,159,0,0,80,195,0,0,80,195,0,0,68,23,0,0,156,31,0,0,32,34,0,0,85,67,0,0,147,62,0,0,136,72,0,0,44,106,0,0,3,75,0,0,80,195,0,0,80,195,0,0,236,56,0,0,178,60,0,0,151,83,0,0,8,116,0,0,130,109,0,0,147,136,0,0,57,158,0,0,99,148,0,0,80,195,0,0,80,195,0,0,99,19,0,0,66,18,0,0,189,26,0,0,173,31,0,0,65,32,0,0,208,43,0,0,161,42,0,0,207,51,0,0,80,195,0,0,70,167,0,0,179,152,226,65,49,116,233,65,120,141,231,65,114,21,226,65,63,173,230,65,50,95,218,65,122,189,105,66,239,126,91,66,120,195,104,66,76,114,112,66,92,158,104,66,100,111,119,66,25,0,0,0
139,0,6,0,36,0,0,0,65,2,0,0,16,249,254,60,76,108,53,62,12,89,24,65,42,189,86,190,10,105,124,192,167,199,157,191,0,0,218,65,232,20,0,0,76,25,0,0,74,34,0,0,165,44,0,0,191,46,0,0,215,55,0,0,79,73,0,0,89,73,0,0,80,195,0,0,254,175,0,0,223,66,0,0,34,102,0,0,112,128,0,0,148,161,0,0,123,176,0,0,172,186,0,0,80,195,0,0,80,195,0,0,80,195,0,0,80,195,0,0,227,51,0,0,152,72,0,0,235,94,0,0,182,108,0,0,205,115,0,0,233,127,0,0,65,147,0,0,77,163,0,0,80,195,0,0,80,195,0,0,49,24,0,0,199,32,0,0,118,35,0,0,209,69,0,0,205,64,0,0,118,75,0,0,1,110,0,0,60,78,0,0,80,195,0,0,80,195,0,0,58,58,0,0,197,62,0,0,73,86,0,0,218,118,0,0,62,113,0,0,152,140,0,0,171,163,0,0,48,155,0,0,80,195,0,0,80,195,0,0,185,19,0,0,192,18,0,0,90,27,0,0,109,32,0,0,48,33,0,0,197,44,0,0,249,43,0,0,114,53,0,0,80,195,0,0,105,174,0,0,59,66,227,65,35,221,234,65,184,16,232,65,130,10,226,65,40,196,231,65,27,118,219,65,178,7,106,66,229,56,89,66,201,205,100,66,220,36,107,66,145,196,96,66,212,68,116,66,25,0,0,0
156,39,6,0,37,0,0,0,65,2,0,0,16,249,254,60,76,108,53,62,12,89,24,65,92,48,77,188,136,20,150,192,136,138,29,192,0,0,218,65,197,21,0,0,55,26,0,0,159,35,0,0,55,46,0,0,216,48,0,0,112,58,0,0,99,76,0,0,66,77,0,0,80,195,0,0,46,186,0,0,121,70,0,0,125,107,0,0,94,135,0,0,215,170,0,0,32,187,0,0,80,195,0,0,80,195,0,0,80,195,0,0,80,195,0,0,80,195,0,0,105,53,0,0,82,74,0,0,142,97,0,0,200,111,0,0,185,119,0,0,11,132,0,0,6,153,0,0,91,169,0,0,80,195,0,0,80,195,0,0,245,25,0,0,222,34,0,0,10,38,0,0,207,73,0,0,179,68,0,0,148,80,0,0,251,115,0,0,45,84,0,0,80,195,0,0,80,195,0,0,113,60,0,0,204,65,0,0,104,90,0,0,88,123,0,0,245,118,0,0,64,146,0,0,51,171,0,0,73,163,0,0,80,195,0,0,80,195,0,0,105,20,0,0,199,19,0,0,141,28,0,0,245,33,0,0,27,35,0,0,200,46,0,0,180,46,0,0,172,56,0,0,80,195,0,0,37,189,0,0,235,120,227,65,19,232,234,65,185,191,232,65,203,223,226,65,217,169,232,65,116,145,219,65,16,65,115,66,49,212,96,66,202,188,110,66,112,234,119,66,30,56,109,66,154,21,130,66,25,0,0,0
173,78,6,0,38,0,0,0,68,2,0,0,16,249,254,60,76,108,53,62,12,89,24,65,180,209,16,191,70,123,175,191,198,163,173,191,0,0,218,65,251,22,0,0,166,27,0,0,121,37,0,0,132,48,0,0,141,51,0,0,148,61,0,0,255,79,0,0,42,82,0,0,80,195,0,0,180,192,0,0,196,70,0,0,5,108,0,0,40,136,0,0,40,172,0,0,189,188,0,0,80,195,0,0,80,195,0,0,80,195,0,0,80,195,0,0,80,195,0,0,181,54,0,0,35,76,0,0,227,99,0,0,94,115,0,0,43,123,0,0,192,136,0,0,127,159,0,0,249,175,0,0,80,195,0,0,80,195,0,0,195,26,0,0,200,35,0,0,16,39,0,0,199,75,0,0,93,70,0,0,15,83,0,0,237,118,0,0,49,87,0,0,80,195,0,0,80,195,0,0,122,58,0,0,23,63,0,0,143,86,0,0,164,118,0,0,39,114,0,0,109,141,0,0,174,166,0,0,242,159,0,0,80,195,0,0,80,195,0,0,164,20,0,0,43,20,0,0,253,28,0,0,123,34,0,0,220,35,0,0,128,47,0,0,223,47,0,0,20,58,0,0,80,195,0,0,130,194,0,0,170,70,226,65,147,144,234,65,64,11,232,65,68,148,227,65,209,6,233,65,227,149,218,65,154,197,117,66,211,215,98,66,234,207,113,66,134,242,117,66,126,34,110,66,160,20,130,66,25,0,0,0
190,117,6,0,39,0,0,0,63,2,0,0,16,249,254,60,76,108,53,62,12,89,24,65,102,230,218,191,131,16,7,63,180,50,129,191,0,128,218,65,223,23,0,0,174,28,0,0,21,39,0,0,87,50,0,0,41,54,0,0,77,64,0,0,200,83,0,0,204,86,0,0,80,195,0,0,80,195,0,0,211,72,0,0,41,111,0,0,134,140,0,0,251,177,0,0,66,195,0,0,80,195,0,0,80,195,0,0,80,195,0,0,80,195,0,0,80,195,0,0,94,56,0,0,128,78,0,0,28,103,0,0,120,119,0,0,45,128,0,0,146,142,0,0,227,166,0,0,239,183,0,0,80,195,0,0,80,195,0,0,96,30,0,0,58,40,0,0,201,44,0,0,88,83,0,0,51,79,0,0,242,93,0,0,9,131,0,0,12,101,0,0,80,195,0,0,80,195,0,0,12,67,0,0,80,74,0,0,53,101,0,0,213,136,0,0,9,136,0,0,51,165,0,0,73,195,0,0,165,189,0,0,80,195,0,0,80,195,0,0,205,22,0,0,27,23,0,0,211,32,0,0,54,39,0,0,6,42,0,0,147,54,0,0,139,56,0,0,110,68,0,0,80,195,0,0,80,195,0,0,202,48,226,65,235,90,235,65,120,60,232,65,204,61,228,65,58,198,233,65,162,18,218,65,228,113,115,66,73,208,96,66,122,249,109,66,252,234,115,66,210,210,106,66,0,206,127,66,25,0,0,0
207,156,6,0,40,0,0,0,65,2,0,0,16,249,254,60,76,108,53,62,12,89,24,65,246,54,140,192,212,49,217,190,101,211,134,191,0,128,218,65,94,26,0,0,101,32,0,0,29,43,0,0,99,56,0,0,176,59,0,0,150,70,0,0,113,91,0,0,150,95,0,0,80,195,0,0,80,195,0,0,196,74,0,0,13,114,0,0,61,144,0,0,82,183,0,0,80,195,0,0,80,195,0,0,80,195,0,0,80,195,0,0,80,195,0,0,80,195,0,0,240,57,0,0,9,80,0,0,210,105,0,0,125,121,0,0,99,131,0,0,54,144,0,0,187,168,0,0,79,184,0,0,80,195,0,0,80,195,0,0,19,31,0,0,230,40,0,0,224,45,0,0,216,84,0,0,110,79,0,0,70,94,0,0,88,131,0,0,14,101,0,0,80,195,0,0,80,195,0,0,43,67,0,0,144,74,0,0,86,101,0,0,122,137,0,0,250,134,0,0,156,163,0,0,4,194,0,0,213,186,0,0,80,195,0,0,80,195,0,0,117,22,0,0,147,22,0,0,52,32,0,0,89,38,0,0,126,40,0,0,174,52,0,0,12,54,0,0,27,65,0,0,80,195,0,0,80,195,0,0,171,245,226,65,244,91,236,65,209,6,233,65,181,84,229,65,251,79,235,65,163,193,218,65,124,236,104,66,71,29,91,66,38,208,97,66,120,136,107,66,12,224,95,66,148,162,116,66,25,0,0,0
224,195,6,0,41,0,0,0,70,2,0,0,16,249,254,60,76,108,53,62,12,89,24,65,170,188,204,192,69,228,25,191,126,7,76,191,0,0,219,65,171,38,0,0,17,46,0,0,193,62,0,0,72,81,0,0,170,90,0,0,1,110,0,0,2,145,0,0,102,158,0,0,80,195,0,0,80,195,0,0,151,95,0,0,104,143,0,0,212,184,0,0,80,195,0,0,80,195,0,0,80,195,0,0,80,195,0,0,80,195,0,0,80,195,0,0,80,195,0,0,131,72,0,0,83,100,0,0,63,134,0,0,77,158,0,0,166,178,0,0,80,195,0,0,80,195,0,0,80,195,0,0,80,195,0,0,80,195,0,0,120,54,0,0,135,67,0,0,37,81,0,0,151,128,0,0,51,127,0,0,4,156,0,0,80,195,0,0,151,188,0,0,80,195,0,0,80,195,0,0,58,96,0,0,215,108,0,0,177,144,0,0,202,194,0,0,80,195,0,0,80,195,0,0,80,195,0,0,80,195,0,0,80,195,0,0,80,195,0,0,215,33,0,0,183,36,0,0,101,50,0,0,214,60,0,0,114,66,0,0,46,84,0,0,131,92,0,0,158,112,0,0,80,195,0,0,80,195,0,0,244,202,227,65,197,43,237,65,138,143,233,65,158,107,230,65,125,5,237,65,173,32,221,65,172,38,108,66,29,202,84,66,254,172,97,66,14,207,105,66,121,9,93,66,156,60,119,66,25,0,0,0
241,234,6,0,42,0,0,0,68,2,0,0,16,249,254,60,76,108,53,62,12,89,24,65,49,155,198,192,45,114,44,190,36,156,54,191,0,0,219,65,186,44,0,0,0,52,0,0,87,70,0,0,126,90,0,0,91,101,0,0,206,125,0,0,155,161,0,0,111,183,0,0,80,195,0,0,80,195,0,0,237,101,0,0,49,152,0,0,47,195,0,0,80,195,0,0,80,195,0,0,80,195,0,0,80,195,0,0,80,195,0,0,80,195,0,0,80,195,0,0,98,66,0,0,88,88,0,0,12,113,0,0,121,133,0,0,4,154,0,0,55,176,0,0,80,195,0,0,80,195,0,0,80,195,0,0,80,195,0,0,43,72,0,0,55,88,0,0,97,107,0,0,238,160,0,0,146,164,0,0,80,195,0,0,80,195,0,0,80,195,0,0,80,195,0,0,80,195,0,0,250,117,0,0,164,133,0,0,35,176,0,0,80,195,0,0,80,195,0,0,80,195,0,0,80,195,0,0,80,195,0,0,80,195,0,0,80,195,0,0,97,43,0,0,94,48,0,0,54,65,0,0,167,78,0,0,41,89,0,0,114,112,0,0,162,126,0,0,191,155,0,0,80,195,0,0,80,195,0,0,133,198,228,65,214,126,238,65,50,35,234,65,1,230,232,65,120,30,240,65,119,252,222,65,192,243,108,66,254,111,86,66,85,141,100,66,152,214,107,66,53,62,93,66,220,91,119,66,25,0,0,0
2,18,7,0,43,0,0,0,70,2,0,0,16,249,254,60,76,108,53,62,12,89,24,65,231,186,142,192,91,180,14,190,25,149,172,190,0,128,219,65,161,31,0,0,104,40,0,0,139,57,0,0,80,70,0,0,237,84,0,0,120,101,0,0,60,126,0,0,13,147,0,0,80,195,0,0,80,195,0,0,80,195,0,0,80,195,0,0,80,195,0,0,80,195,0,0,80,195,0,0,80,195,0,0,80,195,0,0,80,195,0,0,80,195,0,0,80,195,0,0,204,123,0,0,186,162,0,0,80,195,0,0,80,195,0,0,80,195,0,0,80,195,0,0,80,195,0,0,80,195,0,0,80,195,0,0,80,195,0,0,134,75,0,0,101,103,0,0,99,145,0,0,83,178,0,0,80,195,0,0,80,195,0,0,80,195,0,0,80,195,0,0,80,195,0,0,80,195,0,0,163,164,0,0,80,195,0,0,80,195,0,0,80,195,0,0,80,195,0,0,80,195,0,0,80,195,0,0,80,195,0,0,80,195,0,0,80,195,0,0,175,2,0,0,19,3,0,0,64,4,0,0,248,4,0,0,202,5,0,0,55,6,0,0,211,8,0,0,206,9,0,0,31,46,0,0,239,35,0,0,173,2,229,65,78,102,246,65,198,218,237,65,210,181,233,65,182,199,245,65,72,123,224,65,58,163,97,66,18,12,74,66,248,17,88,66,98,198,97,66,78,122,82,66,8,238,107,66,25,0,0,0
19,57,7,0,44,0,0,0,72,2,0,0,16,249,254,60,76,108,53,62,12,89,24,65,121,129,62,192,138,149,0,191,109,188,208,191,0,128,219,65,180,38,0,0,105,48,0,0,92,68,0,0,188,83,0,0,222,100,0,0,177,121,0,0,104,151,0,0,38,177,0,0,80,195,0,0,80,195,0,0,80,195,0,0,80,195,0,0,80,195,0,0,80,195,0,0,80,195,0,0,80,195,0,0,80,195,0,0,80,195,0,0,80,195,0,0,80,195,0,0,248,130,0,0,137,149,0,0,80,195,0,0,80,195,0,0,80,195,0,0,80,195,0,0,80,195,0,0,80,195,0,0,80,195,0,0,80,195,0,0,101,89,0,0,45,121,0,0,227,171,0,0,80,195,0,0,80,195,0,0,80,195,0,0,80,195,0,0,80,195,0,0,80,195,0,0,80,195,0,0,51,170,0,0,80,195,0,0,80,195,0,0,80,195,0,0,80,195,0,0,80,195,0,0,80,195,0,0,80,195,0,0,80,195,0,0,80,195,0,0,136,2,0,0,195,2,0,0,178,3,0,0,82,4,0,0,251,4,0,0,141,5,0,0,172,7,0,0,199,8,0,0,210,38,0,0,108,35,0,0,134,36,230,65,200,171,255,65,42,98,242,65,179,41,235,65,52,244,251,65,186,59,226,65,211,84,99,66,107,234,62,66,152,98,84,66,186,94,98,66,192,144,75,66,24,146,108,66,25,0,0,0
36,96,7,0,45,0,0,0,72,2,0,0,16,249,254,60,76,108,53,62,12,89,24,65,12,73,29,192,108,45,53,189,7,180,47,192,0,128,219,65,244,41,0,0,40,55,0,0,107,78,0,0,36,101,0,0,163,118,0,0,175,141,0,0,15,174,0,0,80,195,0,0,80,195,0,0,80,195,0,0,80,195,0,0,80,195,0,0,80,195,0,0,80,195,0,0,80,195,0,0,80,195,0,0,80,195,0,0,80,195,0,0,80,195,0,0,80,195,0,0,164,135,0,0,0,177,0,0,80,195,0,0,80,195,0,0,80,195,0,0,80,195,0,0,80,195,0,0,80,195,0,0,80,195,0,0,80,195,0,0,133,91,0,0,1,125,0,0,171,173,0,0,80,195,0,0,80,195,0,0,80,195,0,0,80,195,0,0,80,195,0,0,80,195,0,0,80,195,0,0,80,195,0,0,80,195,0,0,80,195,0,0,80,195,0,0,80,195,0,0,80,195,0,0,80,195,0,0,80,195,0,0,80,195,0,0,80,195,0,0,50,0,0,0,51,0,0,0,67,0,0,0,78,0,0,0,92,0,0,0,100,0,0,0,122,0,0,0,128,0,0,0,85,2,0,0,77,2,0,0,7,43,231,65,190,151,5,66,45,30,245,65,45,60,237,65,251,175,2,66,204,61,228,65,129,86,101,66,199,51,55,66,156,14,84,66,64,126,96,66,243,188,66,66,94,27,105,66,25,0,0,0
53,135,7,0,46,0,0,0,69,2,0,0,16,249,254,60,76,108,53,62,12,89,24,65,254,198,223,191,38,121,101,190,93,86,135,188,0,0,220,65,170,36,0,0,125,49,0,0,107,69,0,0,75,90,0,0,137,103,0,0,140,122,0,0,247,150,0,0,102,167,0,0,80,195,0,0,173,167,0,0,80,195,0,0,80,195,0,0,80,195,0,0,80,195,0,0,80,195,0,0,80,195,0,0,80,195,0,0,80,195,0,0,80,195,0,0,80,195,0,0,26,131,0,0,10,170,0,0,80,195,0,0,80,195,0,0,80,195,0,0,80,195,0,0,80,195,0,0,80,195,0,0,80,195,0,0,80,195,0,0,64,74,0,0,184,100,0,0,219,139,0,0,167,173,0,0,80,195,0,0,80,195,0,0,80,195,0,0,80,195,0,0,80,195,0,0,80,195,0,0,80,195,0,0,80,195,0,0,80,195,0,0,80,195,0,0,80,195,0,0,80,195,0,0,80,195,0,0,80,195,0,0,80,195,0,0,80,195,0,0,45,0,0,0,46,0,0,0,62,0,0,0,72,0,0,0,85,0,0,0,93,0,0,0,113,0,0,0,120,0,0,0,43,2,0,0,26,2,0,0,88,163,231,65,136,34,8,66,230,166,245,65,87,214,238,65,49,116,5,66,191,4,231,65,89,56,93,66,109,237,40,66,224,91,76,66,255,236,86,66,209,61,53,66,245,221,96,66,25,0,0,0
70,174,7,0,47,0,0,0,72,2,0,0,16,249,254,60,76,108,53,62,12,89,24,65,217,66,142,191,165,239,118,190,136,119,192,63,0,128,220,65,254,41,0,0,113,55,0,0,215,78,0,0,170,102,0,0,199,118,0,0,38,142,0,0,23,174,0,0,80,195,0,0,80,195,0,0,80,195,0,0,80,195,0,0,80,195,0,0,80,195,0,0,80,195,0,0,80,195,0,0,80,195,0,0,80,195,0,0,80,195,0,0,80,195,0,0,80,195,0,0,213,117,0,0,129,150,0,0,80,195,0,0,80,195,0,0,80,195,0,0,80,195,0,0,80,195,0,0,80,195,0,0,80,195,0,0,80,195,0,0,26,90,0,0,33,123,0,0,43,171,0,0,80,195,0,0,80,195,0,0,80,195,0,0,80,195,0,0,80,195,0,0,80,195,0,0,80,195,0,0,80,195,0,0,80,195,0,0,80,195,0,0,80,195,0,0,80,195,0,0,80,195,0,0,80,195,0,0,80,195,0,0,80,195,0,0,80,195,0,0,47,0,0,0,48,0,0,0,64,0,0,0,74,0,0,0,88,0,0,0,96,0,0,0,117,0,0,0,123,0,0,0,59,2,0,0,41,2,0,0,144,212,231,65,97,134,12,66,48,218,247,65,232,128,240,65,117,98,9,66,25,45,233,65,144,137,99,66,123,163,38,66,171,130,78,66,145,201,88,66,137,144,48,66,237,139,96,66,25,0,0,0
87,213,7,0,48,0,0,0,72,2,0,0,16,249,254,60,76,108,53,62,12,89,24,65,231,68,135,191,92,207,220,191,32,69,104,63,0,128,220,65,194,41,0,0,59,56,0,0,146,79,0,0,100,103,0,0,174,118,0,0,151,141,0,0,188,172,0,0,225,194,0,0,80,195,0,0,167,188,0,0,80,195,0,0,80,195,0,0,80,195,0,0,80,195,0,0,80,195,0,0,80,195,0,0,80,195,0,0,80,195,0,0,80,195,0,0,80,195,0,0,30,137,0,0,40,176,0,0,80,195,0,0,80,195,0,0,80,195,0,0,80,195,0,0,80,195,0,0,80,195,0,0,80,195,0,0,80,195,0,0,128,80,0,0,182,109,0,0,136,152,0,0,239,189,0,0,80,195,0,0,80,195,0,0,80,195,0,0,80,195,0,0,80,195,0,0,80,195,0,0,80,195,0,0,80,195,0,0,80,195,0,0,80,195,0,0,80,195,0,0,80,195,0,0,80,195,0,0,80,195,0,0,80,195,0,0,80,195,0,0,45,0,0,0,47,0,0,0,63,0,0,0,73,0,0,0,87,0,0,0,94,0,0,0,115,0,0,0,121,0,0,0,42,2,0,0,14,2,0,0,185,191,232,65,144,86,16,66,98,198,249,65,58,87,242,65,8,107,12,66,237,184,236,65,195,50,91,66,154,61,26,66,211,39,71,66,138,243,81,66,12,3,40,66,214,142,89,66,25,0,0,0
104,252,7,0,49,0,0,0,70,2,0,0,16,249,254,60,76,108,53,62,12,89,24,65,248,251,76,191,145,18,128,191,177,55,146,191,0,0,221,65,118,42,0,0,232,56,0,0,122,80,0,0,232,105,0,0,69,122,0,0,57,145,0,0,84,179,0,0,80,195,0,0,80,195,0,0,80,195,0,0,80,195,0,0,80,195,0,0,80,195,0,0,80,195,0,0,80,195,0,0,80,195,0,0,80,195,0,0,80,195,0,0,80,195,0,0,80,195,0,0,45,130,0,0,179,163,0,0,80,195,0,0,80,195,0,0,80,195,0,0,80,195,0,0,80,195,0,0,80,195,0,0,80,195,0,0,80,195,0,0,210,92,0,0,213,124,0,0,120,175,0,0,80,195,0,0,80,195,0,0,80,195,0,0,80,195,0,0,80,195,0,0,80,195,0,0,80,195,0,0,80,195,0,0,80,195,0,0,80,195,0,0,80,195,0,0,80,195,0,0,80,195,0,0,80,195,0,0,80,195,0,0,80,195,0,0,80,195,0,0,49,0,0,0,50,0,0,0,66,0,0,0,76,0,0,0,90,0,0,0,98,0,0,0,120,0,0,0,126,0,0,0,76,2,0,0,63,2,0,0,177,28,233,65,203,148,18,66,99,36,251,65,92,159,243,65,51,180,14,66,182,229,237,65,26,14,102,66,98,178,29,66,132,149,83,66,174,232,89,66,140,0,44,66,186,94,98,66,25,0,0,0
121,35,8,0,50,0,0,0,70,2,0,0,16,249,254,60,76,108,53,62,12,89,24,65,12,77,26,191,43,68,129,63,69,191,142,192,0,128,221,65,110,41,0,0,178,55,0,0,209,78,0,0,112,103,0,0,59,120,0,0,234,142,0,0,142,175,0,0,79,195,0,0,80,195,0,0,80,195,0,0,80,195,0,0,80,195,0,0,80,195,0,0,80,195,0,0,80,195,0,0,80,195,0,0,80,195,0,0,80,195,0,0,80,195,0,0,80,195,0,0,169,136,0,0,186,175,0,0,80,195,0,0,80,195,0,0,80,195,0,0,80,195,0,0,80,195,0,0,80,195,0,0,80,195,0,0,80,195,0,0,91,92,0,0,87,126,0,0,106,175,0,0,80,195,0,0,80,195,0,0,80,195,0,0,80,195,0,0,80,195,0,0,80,195,0,0,80,195,0,0,80,195,0,0,80,195,0,0,80,195,0,0,80,195,0,0,80,195,0,0,80,195,0,0,80,195,0,0,80,195,0,0,80,195,0,0,80,195,0,0,51,0,0,0,52,0,0,0,69,0,0,0,79,0,0,0,94,0,0,0,102,0,0,0,125,0,0,0,131,0,0,0,104,2,0,0,100,2,0,0,10,231,233,65,12,199,19,66,196,145,251,65,109,242,244,65,144,86,16,66,98,228,241,65,103,42,95,66,184,157,23,66,165,35,73,66,144,16,84,66,73,183,36,66,174,172,85,66,25,0,0,0
138,74,8,0,51,0,0,0,69,2,0,0,16,249,254,60,76,108,53,62,12,89,24,65,53,153,30,191,125,166,91,62,163,170,113,192,0,0,222,65,113,41,0,0,66,55,0,0,55,78,0,0,137,102,0,0,169,118,0,0,163,140,0,0,178,173,0,0,115,192,0,0,80,195,0,0,80,195,0,0,80,195,0,0,80,195,0,0,80,195,0,0,80,195,0,0,80,195,0,0,80,195,0,0,80,195,0,0,80,195,0,0,80,195,0,0,80,195,0,0,24,131,0,0,3,166,0,0,80,195,0,0,80,195,0,0,80,195,0,0,80,195,0,0,80,195,0,0,80,195,0,0,80,195,0,0,80,195,0,0,96,90,0,0,78,123,0,0,184,171,0,0,80,195,0,0,80,195,0,0,80,195,0,0,80,195,0,0,80,195,0,0,80,195,0,0,80,195,0,0,80,195,0,0,80,195,0,0,80,195,0,0,80,195,0,0,80,195,0,0,80,195,0,0,80,195,0,0,80,195,0,0,80,195,0,0,80,195,0,0,50,0,0,0,51,0,0,0,67,0,0,0,78,0,0,0,92,0,0,0,100,0,0,0,120,0,0,0,126,0,0,0,94,2,0,0,100,2,0,0,211,19,235,65,211,215,22,66,7,128,255,65,199,26,247,65,79,21,19,66,166,129,246,65,183,243,94,66,183,228,18,66,64,147,71,66,171,190,82,66,176,64,32,66,181,4,85,66,25,0,0,0
155,113,8,0,52,0,0,0,72,2,0,0,16,249,254,60,76,108,53,62,12,89,24,65,195,203,15,191,142,120,1,63,21,81,187,190,0,128,222,65,20,41,0,0,196,54,0,0,133,77,0,0,140,101,0,0,95,117,0,0,5,139,0,0,160,171,0,0,50,190,0,0,80,195,0,0,80,195,0,0,80,195,0,0,80,195,0,0,80,195,0,0,80,195,0,0,80,195,0,0,80,195,0,0,80,195,0,0,80,195,0,0,80,195,0,0,80,195,0,0,138,130,0,0,190,166,0,0,80,195,0,0,80,195,0,0,80,195,0,0,80,195,0,0,80,195,0,0,80,195,0,0,80,195,0,0,80,195,0,0,98,90,0,0,189,123,0,0,160,171,0,0,80,195,0,0,80,195,0,0,80,195,0,0,80,195,0,0,80,195,0,0,80,195,0,0,80,195,0,0,80,195,0,0,80,195,0,0,80,195,0,0,80,195,0,0,80,195,0,0,80,195,0,0,80,195,0,0,80,195,0,0,80,195,0,0,80,195,0,0,50,0,0,0,51,0,0,0,68,0,0,0,78,0,0,0,93,0,0,0,101,0,0,0,121,0,0,0,127,0,0,0,98,2,0,0,103,2,0,0,100,15,236,65,26,64,26,66,113,87,1,66,136,245,247,65,129,1,21,66,217,28,249,65,110,201,89,66,74,1,10,66,8,203,63,66,21,250,76,66,197,18,25,66,121,19,77,66,25,0,0,0
172,152,8,0,53,0,0,0,70,2,0,0,16,249,254,60,76,108,53,62,12,89,24,65,83,106,203,190,132,140,197,63,185,161,52,64,0,0,223,65,0,33,0,0,58,42,0,0,75,61,0,0,146,77,0,0,218,91,0,0,221,110,0,0,214,134,0,0,11,158,0,0,80,195,0,0,107,183,0,0,80,195,0,0,80,195,0,0,80,195,0,0,80,195,0,0,80,195,0,0,80,195,0,0,80,195,0,0,80,195,0,0,80,195,0,0,80,195,0,0,223,56,0,0,56,68,0,0,122,90,0,0,93,101,0,0,15,113,0,0,3,122,0,0,203,152,0,0,236,172,0,0,80,195,0,0,80,195,0,0,181,89,0,0,170,122,0,0,5,170,0,0,80,195,0,0,80,195,0,0,80,195,0,0,80,195,0,0,80,195,0,0,80,195,0,0,80,195,0,0,80,195,0,0,80,195,0,0,80,195,0,0,80,195,0,0,80,195,0,0,80,195,0,0,80,195,0,0,80,195,0,0,80,195,0,0,80,195,0,0,49,0,0,0,50,0,0,0,66,0,0,0,76,0,0,0,89,0,0,0,97,0,0,0,118,0,0,0,123,0,0,0,85,2,0,0,92,2,0,0,149,157,236,65,96,74,28,66,170,136,1,66,194,132,249,65,179,237,22,66,51,150,250,65,157,68,89,66,162,28,10,66,85,95,65,66,158,7,78,66,152,8,28,66,252,134,75,66,25,0,0,0
189,191,8,0,54,0,0,0,71,2,0,0,16,249,254,60,76,108,53,62,12,89,24,65,207,237,231,189,110,122,52,64,204,13,208,63,0,128,223,65,33,40,0,0,138,52,0,0,127,74,0,0,39,97,0,0,13,112,0,0,111,133,0,0,100,163,0,0,8,182,0,0,80,195,0,0,80,195,0,0,80,195,0,0,80,195,0,0,80,195,0,0,80,195,0,0,80,195,0,0,80,195,0,0,80,195,0,0,80,195,0,0,80,195,0,0,80,195,0,0,116,124,0,0,135,161,0,0,80,195,0,0,80,195,0,0,80,195,0,0,80,195,0,0,80,195,0,0,80,195,0,0,80,195,0,0,80,195,0,0,251,89,0,0,64,123,0,0,1,171,0,0,80,195,0,0,80,195,0,0,80,195,0,0,80,195,0,0,80,195,0,0,80,195,0,0,80,195,0,0,80,195,0,0,80,195,0,0,80,195,0,0,80,195,0,0,80,195,0,0,80,195,0,0,80,195,0,0,80,195,0,0,80,195,0,0,80,195,0,0,50,0,0,0,51,0,0,0,68,0,0,0,78,0,0,0,92,0,0,0,100,0,0,0,121,0,0,0,126,0,0,0,97,2,0,0,103,2,0,0,38,72,238,65,216,145,31,66,47,103,3,66,26,79,250,65,44,81,24,66,46,175,253,65,20,50,96,66,179,132,6,66,251,14,67,66,135,136,78,66,185,85,21,66,249,81,77,66,25,0,0,0
206,230,8,0,55,0,0,0,69,2,0,0,16,249,254,60,76,108,53,62,12,89,24,65,162,209,191,190,158,98,140,62,65,160,168,190,0,0,224,65,151,34,0,0,130,46,0,0,92,64,0,0,175,85,0,0,248,98,0,0,33,117,0,0,138,148,0,0,237,161,0,0,80,195,0,0,183,183,0,0,80,195,0,0,80,195,0,0,80,195,0,0,80,195,0,0,80,195,0,0,80,195,0,0,80,195,0,0,80,195,0,0,80,195,0,0,80,195,0,0,56,69,0,0,111,83,0,0,224,108,0,0,9,122,0,0,64,131,0,0,170,140,0,0,198,175,0,0,80,195,0,0,80,195,0,0,80,195,0,0,128,89,0,0,89,122,0,0,164,169,0,0,80,195,0,0,80,195,0,0,80,195,0,0,80,195,0,0,80,195,0,0,80,195,0,0,80,195,0,0,80,195,0,0,80,195,0,0,80,195,0,0,80,195,0,0,80,195,0,0,80,195,0,0,80,195,0,0,80,195,0,0,80,195,0,0,80,195,0,0,49,0,0,0,50,0,0,0,66,0,0,0,76,0,0,0,89,0,0,0,97,0,0,0,117,0,0,0,122,0,0,0,85,2,0,0,98,2,0,0,255,105,239,65,70,216,33,66,92,123,4,66,92,48,252,65,39,187,26,66,7,128,255,65,107,88,87,66,229,177,4,66,196,64,60,66,215,141,82,66,48,7,24,66,199,101,75,66,25,0,0,0
223,13,9,0,56,0,0,0,70,2,0,0,16,249,254,60,76,108,53,62,12,89,24,65,72,110,164,63,138,52,144,62,45,114,172,60,0,0,225,65,65,35,0,0,131,46,0,0,33,66,0,0,245,84,0,0,204,98,0,0,173,119,0,0,148,145,0,0,192,167,0,0,80,195,0,0,164,181,0,0,80,195,0,0,80,195,0,0,80,195,0,0,80,195,0,0,80,195,0,0,80,195,0,0,80,195,0,0,80,195,0,0,80,195,0,0,80,195,0,0,86,71,0,0,243,85,0,0,121,112,0,0,223,131,0,0,189,132,0,0,8,146,0,0,37,182,0,0,116,192,0,0,80,195,0,0,80,195,0,0,118,89,0,0,71,122,0,0,101,169,0,0,80,195,0,0,80,195,0,0,80,195,0,0,80,195,0,0,80,195,0,0,80,195,0,0,80,195,0,0,80,195,0,0,80,195,0,0,80,195,0,0,80,195,0,0,80,195,0,0,80,195,0,0,80,195,0,0,80,195,0,0,80,195,0,0,80,195,0,0,50,0,0,0,51,0,0,0,67,0,0,0,77,0,0,0,90,0,0,0,98,0,0,0,119,0,0,0,124,0,0,0,93,2,0,0,106,2,0,0,105,216,240,65,216,49,36,66,197,58,5,66,189,76,253,65,243,97,27,66,129,157,0,66,153,158,88,66,82,248,250,65,42,149,57,66,194,197,73,66,169,111,17,66,93,112,69,66,25,0,0,0
239,52,9,0,57,0,0,0,72,2,0,0,16,249,254,60,76,108,53,62,12,89,24,65,103,175,33,64,196,125,115,64,186,48,80,62,0,128,225,65,43,41,0,0,41,54,0,0,153,76,0,0,5,100,0,0,60,114,0,0,15,136,0,0,15,167,0,0,156,187,0,0,80,195,0,0,80,195,0,0,80,195,0,0,80,195,0,0,80,195,0,0,80,195,0,0,80,195,0,0,80,195,0,0,80,195,0,0,80,195,0,0,80,195,0,0,80,195,0,0,122,111,0,0,88,146,0,0,64,193,0,0,80,195,0,0,80,195,0,0,80,195,0,0,80,195,0,0,80,195,0,0,80,195,0,0,80,195,0,0,160,90,0,0,8,124,0,0,218,171,0,0,80,195,0,0,80,195,0,0,80,195,0,0,80,195,0,0,80,195,0,0,80,195,0,0,80,195,0,0,80,195,0,0,80,195,0,0,80,195,0,0,80,195,0,0,80,195,0,0,80,195,0,0,80,195,0,0,80,195,0,0,80,195,0,0,80,195,0,0,49,0,0,0,50,0,0,0,67,0,0,0,77,0,0,0,90,0,0,0,98,0,0,0,119,0,0,0,124,0,0,0,89,2,0,0,95,2,0,0,138,32,242,65,42,8,38,66,86,54,6,66,54,1,254,65,180,60,28,66,85,231,0,66,142,219,85,66,134,102,245,65,231,4,55,66,131,94,71,66,243,27,15,66,126,124,66,66,25,0,0,0
0,92,9,0,58,0,0,0,72,2,0,0,16,249,254,60,76,108,53,62,12,89,24,65,252,125,221,63,138,149,119,64,127,150,231,63,0,0,226,65,127,39,0,0,86,51,0,0,209,73,0,0,99,94,0,0,61,109,0,0,42,131,0,0,139,159,0,0,172,183,0,0,80,195,0,0,80,195,0,0,80,195,0,0,80,195,0,0,80,195,0,0,80,195,0,0,80,195,0,0,80,195,0,0,80,195,0,0,80,195,0,0,80,195,0,0,80,195,0,0,197,114,0,0,253,152,0,0,80,195,0,0,80,195,0,0,80,195,0,0,80,195,0,0,80,195,0,0,80,195,0,0,80,195,0,0,80,195,0,0,246,90,0,0,148,124,0,0,157,172,0,0,80,195,0,0,80,195,0,0,80,195,0,0,80,195,0,0,80,195,0,0,80,195,0,0,80,195,0,0,80,195,0,0,80,195,0,0,80,195,0,0,80,195,0,0,80,195,0,0,80,195,0,0,80,195,0,0,80,195,0,0,80,195,0,0,80,195,0,0,51,0,0,0,52,0,0,0,69,0,0,0,79,0,0,0,93,0,0,0,101,0,0,0,122,0,0,0,128,0,0,0,104,2,0,0,112,2,0,0,91,240,242,65,116,140,39,66,91,14,7,66,239,137,254,65,185,20,29,66,213,62,1,66,127,108,83,66,198,127,246,65,156,94,56,66,187,234,74,66,186,19,18,66,186,49,70,66,25,0,0,0
17,131,9,0,59,0,0,0,72,2,0,0,16,249,254,60,76,108,53,62,12,89,24,65,185,172,151,63,7,87,60,63,7,164,59,64,0,0,227,65,160,39,0,0,197,51,0,0,121,74,0,0,41,95,0,0,139,110,0,0,192,131,0,0,155,161,0,0,53,185,0,0,80,195,0,0,80,195,0,0,80,195,0,0,80,195,0,0,80,195,0,0,80,195,0,0,80,195,0,0,80,195,0,0,80,195,0,0,80,195,0,0,80,195,0,0,80,195,0,0,177,112,0,0,42,149,0,0,80,195,0,0,80,195,0,0,80,195,0,0,80,195,0,0,80,195,0,0,80,195,0,0,80,195,0,0,80,195,0,0,213,90,0,0,98,124,0,0,73,172,0,0,80,195,0,0,80,195,0,0,80,195,0,0,80,195,0,0,80,195,0,0,80,195,0,0,80,195,0,0,80,195,0,0,80,195,0,0,80,195,0,0,80,195,0,0,80,195,0,0,80,195,0,0,80,195,0,0,80,195,0,0,80,195,0,0,80,195,0,0,51,0,0,0,52,0,0,0,68,0,0,0,79,0,0,0,93,0,0,0,101,0,0,0,122,0,0,0,128,0,0,0,103,2,0,0,114,2,0,0,203,163,242,65,193,57,41,66,88,67,8,66,199,252,254,65,239,41,31,66,133,117,1,66,159,126,79,66,78,32,230,65,59,121,47,66,114,1,66,66,55,105,7,66,243,128,62,66,25,0,0,0
34,170,9,0,60,0,0,0,69,2,0,0,16,249,254,60,76,108,53,62,12,89,24,65,166,118,33,191,103,183,27,192,13,158,22,62,0,0,228,65,251,32,0,0,167,41,0,0,78,61,0,0,92,76,0,0,129,91,0,0,185,109,0,0,164,132,0,0,41,155,0,0,80,195,0,0,207,175,0,0,80,195,0,0,80,195,0,0,80,195,0,0,80,195,0,0,80,195,0,0,80,195,0,0,80,195,0,0,80,195,0,0,80,195,0,0,80,195,0,0,81,69,0,0,16,91,0,0,170,115,0,0,212,133,0,0,230,142,0,0,58,158,0,0,220,180,0,0,80,195,0,0,80,195,0,0,80,195,0,0,23,90,0,0,73,123,0,0,172,170,0,0,80,195,0,0,80,195,0,0,80,195,0,0,80,195,0,0,80,195,0,0,80,195,0,0,80,195,0,0,80,195,0,0,80,195,0,0,80,195,0,0,80,195,0,0,80,195,0,0,80,195,0,0,80,195,0,0,80,195,0,0,80,195,0,0,80,195,0,0,50,0,0,0,51,0,0,0,67,0,0,0,77,0,0,0,91,0,0,0,99,0,0,0,119,0,0,0,125,0,0,0,93,2,0,0,103,2,0,0,172,23,244,65,111,84,43,66,245,10,9,66,240,231,255,65,151,14,31,66,230,226,1,66,109,81,81,66,16,114,232,65,193,87,49,66,104,247,67,66,13,148,8,66,227,83,63,66,25,0,0,0
51,209,9,0,61,0,0,0,68,2,0,0,16,249,254,60,76,108,53,62,12,89,24,65,247,151,115,192,32,127,147,192,234,63,109,191,0,128,228,65,146,36,0,0,148,47,0,0,28,67,0,0,102,88,0,0,250,101,0,0,216,121,0,0,209,151,0,0,193,166,0,0,80,195,0,0,25,187,0,0,80,195,0,0,80,195,0,0,80,195,0,0,80,195,0,0,80,195,0,0,80,195,0,0,80,195,0,0,80,195,0,0,80,195,0,0,80,195,0,0,145,75,0,0,63,86,0,0,247,117,0,0,194,131,0,0,231,139,0,0,191,157,0,0,8,187,0,0,80,195,0,0,80,195,0,0,80,195,0,0,141,90,0,0,8,124,0,0,205,171,0,0,80,195,0,0,80,195,0,0,80,195,0,0,80,195,0,0,80,195,0,0,80,195,0,0,80,195,0,0,80,195,0,0,80,195,0,0,80,195,0,0,80,195,0,0,80,195,0,0,80,195,0,0,80,195,0,0,80,195,0,0,80,195,0,0,80,195,0,0,50,0,0,0,51,0,0,0,67,0,0,0,77,0,0,0,91,0,0,0,99,0,0,0,120,0,0,0,125,0,0,0,97,2,0,0,111,2,0,0,165,35,245,65,25,151,44,66,122,139,9,66,188,72,0,66,191,74,31,66,18,72,2,66,200,95,76,66,184,216,224,65,169,31,45,66,66,140,65,66,156,124,8,66,233,183,60,66,25,0,0,0
68,248,9,0,62,0,0,0,69,2,0,0,16,249,254,60,76,108,53,62,12,89,24,65,139,133,140,192,36,102,145,192,202,18,225,191,0,0,229,65,224,36,0,0,207,47,0,0,113,67,0,0,209,88,0,0,51,102,0,0,9,122,0,0,126,152,0,0,123,167,0,0,80,195,0,0,28,191,0,0,80,195,0,0,80,195,0,0,80,195,0,0,80,195,0,0,80,195,0,0,80,195,0,0,80,195,0,0,80,195,0,0,80,195,0,0,80,195,0,0,221,73,0,0,125,85,0,0,89,116,0,0,216,132,0,0,196,138,0,0,121,158,0,0,207,187,0,0,80,195,0,0,80,195,0,0,80,195,0,0,105,91,0,0,226,124,0,0,33,173,0,0,80,195,0,0,80,195,0,0,80,195,0,0,80,195,0,0,80,195,0,0,80,195,0,0,80,195,0,0,80,195,0,0,80,195,0,0,80,195,0,0,80,195,0,0,80,195,0,0,80,195,0,0,80,195,0,0,80,195,0,0,80,195,0,0,80,195,0,0,50,0,0,0,51,0,0,0,68,0,0,0,78,0,0,0,91,0,0,0,99,0,0,0,120,0,0,0,125,0,0,0,97,2,0,0,106,2,0,0,54,31,246,65,2,174,45,66,222,33,10,66,84,56,0,66,147,229,30,66,95,151,2,66,112,134,79,66,154,0,219,65,84,182,43,66,22,129,61,66,23,158,6,66,48,112,56,66,25,0,0,0
85,31,10,0,63,0,0,0,65,2,0,0,16,249,254,60,76,108,53,62,12,89,24,65,220,26,44,192,62,6,170,191,44,219,150,192,0,0,230,65,177,47,0,0,121,52,0,0,56,73,0,0,210,81,0,0,98,92,0,0,100,118,0,0,196,158,0,0,80,195,0,0,80,195,0,0,80,195,0,0,213,83,0,0,239,116,0,0,228,155,0,0,79,194,0,0,80,195,0,0,80,195,0,0,80,195,0,0,80,195,0,0,80,195,0,0,80,195,0,0,106,142,0,0,39,195,0,0,80,195,0,0,80,195,0,0,80,195,0,0,80,195,0,0,80,195,0,0,80,195,0,0,80,195,0,0,80,195,0,0,15,60,0,0,23,89,0,0,75,128,0,0,10,156,0,0,148,170,0,0,100,189,0,0,80,195,0,0,80,195,0,0,80,195,0,0,80,195,0,0,176,84,0,0,127,119,0,0,230,157,0,0,80,195,0,0,80,195,0,0,80,195,0,0,80,195,0,0,80,195,0,0,80,195,0,0,80,195,0,0,2,12,0,0,200,13,0,0,71,20,0,0,108,23,0,0,191,24,0,0,23,35,0,0,227,65,0,0,110,84,0,0,80,195,0,0,219,152,0,0,16,240,247,65,251,215,38,66,101,109,9,66,135,40,255,65,177,209,24,66,5,30,1,66,12,83,112,66,200,250,232,65,221,255,48,66,247,23,87,66,138,213,29,66,97,23,77,66,25,0,0,0
